iter,train_mlogloss,val_mlogloss
0,1.0895050284809447,1.0891934991618808
1,1.0810820763291118,1.0811962167086826
2,1.0730393308337798,1.0734072372186996
3,1.065573863090015,1.066349534853494
4,1.0589324611648063,1.0599428053097728
5,1.0532323946609305,1.0546151823420156
6,1.048029632773898,1.0497796038262512
7,1.0417507695814534,1.043718465439116
8,1.036195626358772,1.0385637068495173
9,1.0314448276507377,1.0341664237773838
10,1.0269230560796712,1.0299791925656665
11,1.0220945301996531,1.0254958708069972
12,1.0182505810426654,1.021850890401775
13,1.0142120589019012,1.0180757394266489
14,1.0102991785362927,1.0144455527542728
15,1.0066503767304809,1.0110904886137946
16,1.0027102969525747,1.007421179578314
17,0.998847705999804,1.0037748664753319
18,0.9950853777866369,1.0001890560298603
19,0.9916867722297242,0.9970289133235004
20,0.9883954054530996,0.9939206626458149
21,0.9853666490128575,0.9909888254408366
22,0.9822132043337585,0.9879687638968784
23,0.9792002108862978,0.9852242090735585
24,0.9763795270770738,0.9825485189571432
25,0.9737074720662913,0.9799553283849526
26,0.9712270461266577,0.9777202116225662
27,0.968932847104154,0.9755393284898045
28,0.9668275328599061,0.9736593624932478
29,0.9647596800292179,0.9719056871095297
30,0.9625362563721053,0.9697715607049717
31,0.9602755553336748,0.9677149132429252
32,0.9582992900979495,0.9659404083806813
33,0.9564022391694103,0.9642219039440783
34,0.954506592867277,0.9624275378161503
35,0.9527854983013536,0.9608135055080442
36,0.9511791426992876,0.9594007280318739
37,0.9497417483699631,0.9581310982429552
38,0.948310376548433,0.9568437662664856
39,0.9467364616846695,0.9554432211707061
40,0.9453844876514013,0.954277570374763
41,0.9438323821730787,0.952861453005014
42,0.9423059464225598,0.9515328833314889
43,0.9409968220306023,0.9504388718738314
44,0.9397748462319863,0.9494118233607598
45,0.9384319773922855,0.9482055399578823
46,0.9372605248020937,0.9472833196087596
47,0.9360211796218078,0.9462589461033734
48,0.9347036816122039,0.9451575465733784
49,0.9335461946330876,0.9441631255741216
50,0.9323521917135585,0.9430827125350698
51,0.9313584957285873,0.9421894711761065
52,0.9304617535919828,0.9414244836837684
53,0.9293688215873381,0.9404606674869541
54,0.9282931748564021,0.9395497333851436
55,0.9272910101211459,0.9386450845113657
56,0.9262502428867959,0.937788944652048
57,0.9252006962411202,0.9369458602934881
58,0.9242424909900185,0.9361120077422284
59,0.923310207196453,0.9352720811294157
60,0.9224402097419175,0.9345407073096637
61,0.9215455101548473,0.9337500677090813
62,0.920695123816528,0.9330283262486777
63,0.919948323250623,0.9323670658147382
64,0.9190988189608087,0.9316287227508802
65,0.9182575865955669,0.930942289118549
66,0.9175511145427182,0.9303247628054685
67,0.9168135698137799,0.9296530018110523
68,0.9161000324941818,0.9290693623382009
69,0.9154108396787358,0.9284929078185272
70,0.9147319163563683,0.9279668915669184
71,0.9140752851157928,0.9273776192684912
72,0.913362467341604,0.9267853297074583
73,0.9126331238489396,0.9262018065179946
74,0.9120243253890883,0.9256359980979759
75,0.9113609710801482,0.9250607489296964
76,0.9106492723204707,0.9244927151471153
77,0.9099689713896629,0.923986603521389
78,0.9092592256920893,0.9234187520372221
79,0.9086198552163861,0.9228879650028898
80,0.9080179302699957,0.9223648449921382
81,0.9073233675686428,0.9218361664172942
82,0.9067695103896516,0.9213993345725314
83,0.9062102381318597,0.921000177815282
84,0.9055412223562032,0.9204521265419119
85,0.9049932405524019,0.9200013999421555
86,0.9044666310134648,0.9196400182395493
87,0.9038926810584833,0.9192013357926015
88,0.9034147997096956,0.9187722626824409
89,0.9028934366336632,0.9183754990945961
90,0.902412710539184,0.9179583604926421
91,0.9019239128922492,0.9176239888664312
92,0.901387884168837,0.9172249198347312
93,0.9008554610168609,0.9168193316423866
94,0.9002791948286307,0.9163748085275061
95,0.8997843698431203,0.9159882869096707
96,0.899204745141102,0.9155671396017134
97,0.8986571349838222,0.9151271904217717
98,0.8981747026323694,0.9147388923305675
99,0.8977605290766267,0.9144423180861562
100,0.897202110638985,0.9139995594208127
101,0.8966615827686208,0.9135568972760173
102,0.8962206449664396,0.9132177797413027
103,0.8958037745265258,0.9129322601590814
104,0.8953592878215358,0.9125853334121311
105,0.894976351608722,0.9122440473649667
106,0.8944870444473738,0.9118650037832046
107,0.8939798996484046,0.9114947927101446
108,0.893588424498536,0.9111780641659025
109,0.8930891053816323,0.9108466329647682
110,0.8926325288993566,0.9104824425671154
111,0.892190712344538,0.9101699520596824
112,0.891723815482285,0.9098070556267249
113,0.8913273253351345,0.909489910615924
114,0.8909558434420618,0.9091782697866183
115,0.8905375246935836,0.908904915918364
116,0.8901496010571808,0.9085955046560833
117,0.8897048591617863,0.9082551694856175
118,0.8893244676969468,0.9079666889160862
119,0.8889135845625042,0.9076521973316544
120,0.8885738751102666,0.9074457207410642
121,0.8882796927567039,0.9072232451545021
122,0.8878615622014803,0.9069015679665955
123,0.8874353945521548,0.9066246545955405
124,0.8870242910643483,0.9063396736385907
125,0.8866541497320206,0.9060661001957356
126,0.8862446037233564,0.9057499452543236
127,0.8858499209305,0.9054433369687447
128,0.8855450741924672,0.9052303090936398
129,0.8852233127128256,0.9050281375435026
130,0.8848365139747123,0.9047199999198411
131,0.884493380801862,0.9045168760166531
132,0.8840989260638248,0.9042366543078587
133,0.8838380331653467,0.9040192574695466
134,0.8835323451143599,0.9037734983493512
135,0.8832293672730737,0.9035688278143147
136,0.8828719682769378,0.9032753108636985
137,0.8825572088601908,0.9030340167136265
138,0.8821303149473495,0.9027452289583165
139,0.8818007820278593,0.9024876482317309
140,0.8815292444154066,0.9022485119120192
141,0.8812051960310789,0.9020477124195652
142,0.8809340600738631,0.9018311130490413
143,0.8807006784966152,0.9016742569733412
144,0.8803825269882477,0.9014518034728567
145,0.8800712610045295,0.9012218291029517
146,0.8797037252716435,0.9009243038462149
147,0.8795042015291163,0.9007780324924558
148,0.8792644019416027,0.9005720258770586
149,0.8790495725408836,0.9003964185837341
150,0.8788442472190855,0.9002822694872294
151,0.8784947081469316,0.9000180277152128
152,0.878268696507546,0.8998451227876999
153,0.8778278586733156,0.8995514096762833
154,0.8775771471178242,0.8993629611660814
155,0.8771796162413488,0.8990539432826835
156,0.8769027491728251,0.8988173346467185
157,0.8766363328971108,0.89861240639459
158,0.8763448240510184,0.8984286859471122
159,0.8760733407673189,0.8982301969015886
160,0.8757284351733187,0.8979699468187429
161,0.8753881389283178,0.8977255822799545
162,0.8751244313039231,0.8975325669587461
163,0.8747496444796139,0.897294004921515
164,0.8744245098401425,0.8970616446240232
165,0.8741701596941382,0.8969305993026991
166,0.8739356746268158,0.8967360394525562
167,0.8735644947949459,0.8964518007856477
168,0.8733188448335228,0.8962415550850663
169,0.8730934168573508,0.8960584246559959
170,0.8729035481319826,0.8959329789150806
171,0.8726191902882399,0.8957525031819915
172,0.8722817676480851,0.895511277597717
173,0.8720967689063983,0.895373646680246
174,0.8718357078718164,0.89519880460844
175,0.8716123930766334,0.8950267403965317
176,0.8712678921965531,0.8948356337669869
177,0.8709876473796877,0.8946149077210946
178,0.8707354114526918,0.8944659995609652
179,0.8704868634557723,0.8942975363462311
180,0.8701457169789035,0.8940895581774709
181,0.8699108361979143,0.8939738543904788
182,0.8696414293089701,0.8937752650056195
183,0.8694439984137937,0.8936369016127655
184,0.8692136049055277,0.8934646578134074
185,0.8689601052658136,0.893298526883632
186,0.8687207722677033,0.8931305817563915
187,0.8685155887597339,0.8929461333714661
188,0.8682719023140517,0.8927420804520684
189,0.8680100975489238,0.8925526935112972
190,0.8677100796459937,0.8923274774696941
191,0.8674888024143398,0.8921835885814595
192,0.8672204188147101,0.8920169918060786
193,0.8668390514976126,0.8917314309645133
194,0.8666162993668459,0.8916063056005563
195,0.866469966299494,0.8915308887111736
196,0.8661985234576772,0.8913544848307219
197,0.8659727566283139,0.8911922418522397
198,0.8657943847680221,0.8910569150031903
199,0.8654619134631389,0.8908168920698364
200,0.8652313714436635,0.8907286801494287
201,0.8650018475287247,0.8905396693895317
202,0.8647749087915766,0.8903498755493021
203,0.8645717378350252,0.8901908688522759
204,0.8642843239700911,0.8899914244966411
205,0.8639944310504738,0.8897414795027385
206,0.8637373791239413,0.8895231142769138
207,0.8633838352935406,0.8893245563984568
208,0.8630895621529419,0.8891579404603046
209,0.8628888764974658,0.8889900847335472
210,0.8626545036236607,0.888815453657625
211,0.8624089648751829,0.8886173741756019
212,0.8621493481981192,0.8884513553965948
213,0.8619611609950574,0.8882865639922473
214,0.8617070985636377,0.8881121103971443
215,0.8614226529148883,0.8879472770960541
216,0.8611551937849192,0.8877659498971432
217,0.8609778944477656,0.8876586643631538
218,0.8608151672475103,0.8875342119313347
219,0.8604572901339398,0.8872744589712052
220,0.8602615949678871,0.8871026665756104
221,0.8599932691798557,0.8869608413011623
222,0.8597088057492357,0.8867862826892153
223,0.8595610734928011,0.8866997918520623
224,0.859303293759733,0.8864887988769777
225,0.8591033052029028,0.8863466199982497
226,0.8589505097796336,0.8862518547493327
227,0.8586956587254634,0.8860586551013379
228,0.8585274751096793,0.8859451765423451
229,0.858329125810822,0.8857896236448549
230,0.8581659613676964,0.8856847916150404
231,0.8579684941930539,0.8855214937553417
232,0.8577901803293725,0.8854121006792464
233,0.8576138919528661,0.8852823197302266
234,0.8574619261211425,0.8851880388762959
235,0.8572857037811777,0.8850857234769565
236,0.8570448182661762,0.8849351939576802
237,0.8569059599159902,0.8848417297471459
238,0.8566940397986657,0.8846579496940037
239,0.8565797368752557,0.8845740303915117
240,0.856326372585788,0.8843649482986364
241,0.8560012653592453,0.8841533606009463
242,0.8557291134678849,0.8839433993262299
243,0.8555650376327576,0.8838177285621155
244,0.8553512077155921,0.8836731203740547
245,0.8551758998156608,0.883572743578948
246,0.8549243084481224,0.8834223905782771
247,0.854737624788665,0.8833128265666085
248,0.854548386565915,0.8831647399641672
249,0.8543056200536189,0.882986381162187
250,0.8541195824507615,0.8828392752676358
251,0.853861854470385,0.8827070951275966
252,0.8536364432692434,0.8825107862770591
253,0.8533693928268581,0.8823143306680967
254,0.8531881424613259,0.8821948827964927
255,0.8529822744715398,0.8820627711734319
256,0.8527739041183546,0.8819180215187833
257,0.8525025638914723,0.8817088496632176
258,0.8522019155017682,0.8814776501368013
259,0.8520863097919601,0.881409277560334
260,0.851751549410523,0.8811556266946997
261,0.8515030917335397,0.880964737543759
262,0.8513006574130828,0.8808129805953128
263,0.8510936677177475,0.8806984607131506
264,0.850880385678792,0.880538597051715
265,0.8506313339580549,0.8803420627742313
266,0.8503612593970926,0.8801521957578354
267,0.8501464891344757,0.8799896320366452
268,0.8499750895989515,0.8798881671344526
269,0.849772615143437,0.8797358847600832
270,0.8495895551610184,0.8796227484730292
271,0.8494168983632296,0.8794991720488017
272,0.8492344643876913,0.8793612164717647
273,0.8489368607977952,0.8791275652276516
274,0.848686889209109,0.8789295805450482
275,0.8484733765934566,0.8787633836549561
276,0.8482432983674422,0.8786070874354291
277,0.8480427288801425,0.8784736922733543
278,0.8478269431907371,0.8783298690624007
279,0.8476331061463732,0.8781760284926277
280,0.8474521393272055,0.8780508970763159
281,0.8471562513044281,0.8778147491389386
282,0.8469774314345957,0.8776421265634734
283,0.8468163551530253,0.8775539838144487
284,0.8466601271724694,0.8774521703728615
285,0.8464166321124363,0.8772814066662691
286,0.8462463152343606,0.8771859094834195
287,0.846154725804457,0.8771151012999088
288,0.8460175912991554,0.8770055907159998
289,0.8458656499295347,0.8768842705158104
290,0.8456388430808763,0.8766888064548068
291,0.845440223839057,0.8765747895463528
292,0.8452592877731121,0.8764493287870345
293,0.845109579462781,0.8763761084099039
294,0.8448495632162172,0.8762150818010342
295,0.8446421412705133,0.8760542195516042
296,0.8444455413155951,0.8758931025090329
297,0.844257996917935,0.8757520861011484
298,0.8440900461894244,0.8756477098290983
299,0.843894518871918,0.8755261974181906
300,0.8437496461562746,0.8754335962295736
301,0.8436352685760503,0.8753644284879071
302,0.843409233724692,0.8752307655095185
303,0.8431973544720932,0.8750964488669285
304,0.8430659169940544,0.8750079876253601
305,0.8428271326014056,0.8748391198813068
306,0.8425821468588054,0.874649984420538
307,0.8424489720315094,0.8745372450848026
308,0.8422887014177852,0.8744294467164611
309,0.842104569453738,0.8742927579396518
310,0.8418871156558485,0.8741409902826457
311,0.8416100344032801,0.8739816108311697
312,0.8414822548862225,0.8738912372620538
313,0.841274155653305,0.8737423816712975
314,0.8410222484080657,0.8735656231686781
315,0.8408019209705776,0.8734178851294795
316,0.840618751314623,0.8732817093084853
317,0.840465251128344,0.8731818235342562
318,0.8403569690139456,0.8731119773740088
319,0.8402009980890816,0.8730008791634191
320,0.8399512434435245,0.8727660218960586
321,0.8397453353899915,0.8725893357799648
322,0.8396156560634428,0.8725093478391864
323,0.8394416113378549,0.8723819128050112
324,0.8391547203043387,0.8721787413723492
325,0.8388933961023782,0.8719903826442543
326,0.8387157394779426,0.8718513998344896
327,0.8385846996912003,0.8717474007237276
328,0.8384008774953361,0.8716305875856362
329,0.8381499368294857,0.8714423563223597
330,0.8379281062988109,0.8713008542480877
331,0.8377924136742284,0.8711944789615514
332,0.8376103316828606,0.8710710065862233
333,0.8374415549010692,0.8709748935956887
334,0.8373203103076721,0.870906903839371
335,0.8371041109298752,0.8707410047870074
336,0.8369614874726433,0.8706326407601264
337,0.8368611190171409,0.8705667128132656
338,0.8366093531759979,0.8704040793612313
339,0.8364490651307007,0.870290585978268
340,0.836315084707844,0.8701961106070684
341,0.8360287872414227,0.8699846712045073
342,0.8358553128562201,0.8698754237521024
343,0.835620978456593,0.8697263000534298
344,0.8354629208749356,0.8696006091327898
345,0.8351934167752132,0.8694224093557141
346,0.8349932324526543,0.869291055242046
347,0.8348496719026739,0.8691956275054792
348,0.8346615434182144,0.8690948889949958
349,0.8345178457682301,0.8689904847670351
350,0.834360048100645,0.8688925538020371
351,0.8342071888735964,0.8687743353247903
352,0.8340243440645639,0.8686263940130896
353,0.8338353545096966,0.8684822376117975
354,0.8336069875539386,0.868331363044318
355,0.8333347055121433,0.8681554254190634
356,0.8332035009969253,0.8680481914499665
357,0.8330395923358517,0.8679266266564906
358,0.832840314219279,0.8677903430888911
359,0.8326585206385395,0.8676552225030326
360,0.8324990906043118,0.8675491902227448
361,0.8321887551331425,0.8672955864821921
362,0.8320330190769109,0.8672031627703904
363,0.8318471348840988,0.8670877420345766
364,0.8316205032414775,0.8669286683087983
365,0.8314458501084465,0.8668102438237324
366,0.8312664657603449,0.86667485701282
367,0.8310718765122994,0.8665489292812412
368,0.8309605636323688,0.8664701372830323
369,0.8308094795146066,0.866357021314474
370,0.8306879278905263,0.866280130139241
371,0.8305232302621423,0.8661814698716959
372,0.830365915062541,0.8660696966884338
373,0.830039150825317,0.8658690354612847
374,0.8299006907656465,0.8657763839526108
375,0.8297666780931348,0.8656735283786384
376,0.8294978489863675,0.8654784934497101
377,0.8293475903839929,0.8653885307821835
378,0.8291319822938985,0.8652209643670048
379,0.8289468223489824,0.8650956354345463
380,0.8287892189385888,0.8650148362292909
381,0.8286984079214851,0.8649493741765288
382,0.8284556761362006,0.8647813683299003
383,0.8282645494837464,0.8646566475424187
384,0.8280399924880018,0.864489415184118
385,0.8278103547072119,0.8643510576281579
386,0.8276930004169474,0.8642923926078532
387,0.8275277387817482,0.8641749251821436
388,0.827340027376648,0.8640118062963744
389,0.8272651243336598,0.8639707862442585
390,0.827139239733265,0.8638962961489146
391,0.8269151463337437,0.8637543370311331
392,0.8267374280585045,0.8636350077083391
393,0.8265310010598123,0.863513804386231
394,0.8263300188907293,0.8633471016619612
395,0.8261563917454339,0.8631973503380074
396,0.8260221474793328,0.8631020284779002
397,0.8259145567644093,0.8630204668198246
398,0.8257299534102663,0.8628918019452825
399,0.8255292393530634,0.8627172518657945
400,0.8253692639828704,0.8625874967829172
401,0.8252535931549345,0.8625096432701048
402,0.8251092979963984,0.8624047166001858
403,0.8248862533559278,0.8622611362080189
404,0.8247936842719447,0.862211755515422
405,0.8246203625053288,0.862106003013028
406,0.8244678875390877,0.8619922258743921
407,0.8242999775769274,0.8618636237069243
408,0.8241375341446149,0.8617358830840364
409,0.8240192552410208,0.8616575702650741
410,0.8238131368241486,0.8615258287893935
411,0.8236775888843558,0.8614233581213631
412,0.8234993094293641,0.8612912229559585
413,0.8234015251197575,0.8612266670276044
414,0.8231478961467265,0.8610319192210233
415,0.8229188125116634,0.8608728955308694
416,0.8226966622479428,0.8607048991316768
417,0.8225082670319728,0.8605924207875567
418,0.8223828775149268,0.8605335848928154
419,0.8222174535783121,0.8604306441535838
420,0.8220146658720743,0.8602928327815554
421,0.8218303079240067,0.860194820626139
422,0.821673070345147,0.8601132075316065
423,0.8215828928717226,0.8600318348905259
424,0.8213812776744159,0.8599196314352859
425,0.8212707302734548,0.8598459141880156
426,0.8210625068973538,0.8597144759837736
427,0.8209177022180147,0.8595972464603486
428,0.8207329632184656,0.8594915262720191
429,0.820482781239424,0.8593276790269964
430,0.8202079480817722,0.8590995592463911
431,0.820078037813303,0.8590121833438774
432,0.819899014776977,0.8588911620817834
433,0.8197349333319232,0.8587960499416581
434,0.8195083906626773,0.8586442870529927
435,0.8194003611803744,0.8585873655013897
436,0.8192238328119659,0.8584944773234778
437,0.8190557739169139,0.8583618816276242
438,0.8189061431569477,0.8582618374014076
439,0.8187943862209917,0.8581779420397879
440,0.8186978833516562,0.8581165391045295
441,0.8184887584286311,0.8579392098513112
442,0.8183297672327805,0.8578334391119659
443,0.818246615936939,0.8577922013112695
444,0.8181234563978669,0.8576812163295535
445,0.817973801236,0.8575719002882207
446,0.817788390058541,0.8574547566800703
447,0.8176102649598564,0.8573227930863933
448,0.817482383588479,0.8572416997253555
449,0.817366679477133,0.8571821603692251
450,0.8172431654547553,0.8571037426334983
451,0.8170590972664936,0.8570092752540577
452,0.8168725848472143,0.8568951405802394
453,0.8166998777686117,0.8567649566583373
454,0.8165319546219737,0.8566433281177418
455,0.8163944041372998,0.8565445536587042
456,0.8162663557118642,0.8564729068875595
457,0.8161340957004106,0.8563881872409073
458,0.8159546570952461,0.8562695791760796
459,0.8157536144171679,0.8561181979981206
460,0.8155217689255579,0.8559612800390125
461,0.8153393737575753,0.8558373968398542
462,0.815223592738139,0.8557494674971892
463,0.8149921220121646,0.8555858865269842
464,0.8149038942533776,0.8555321909894016
465,0.8147119300720731,0.855408949143058
466,0.8145236237580239,0.8553139930248417
467,0.814381009471294,0.8552088202018393
468,0.8143052385953277,0.8551586042421374
469,0.8141723425996328,0.8550724581030738
470,0.8140253514932786,0.8549694352778864
471,0.8139081625727669,0.8548853935154449
472,0.8137330521521434,0.8547680050732657
473,0.8136093380120349,0.8547022703433997
474,0.8134682750592119,0.8546133834121089
475,0.8132792374012268,0.8544743133001977
476,0.8131550157999932,0.8543933182666427
477,0.8129896802589915,0.8543030402637111
478,0.8128714348675058,0.8542234980095005
479,0.812726440336566,0.8541521085478037
480,0.8125995041391519,0.8540569908414551
481,0.8124984780830402,0.85399211834258
482,0.8123179749637001,0.8538724618805129
483,0.8121868412757274,0.8538118080138251
484,0.8120713130782437,0.8537149186473623
485,0.8119008368441334,0.8536007648768208
486,0.8117715446766255,0.8535272982122926
487,0.8116609966493258,0.8534618612021201
488,0.8115057096160636,0.8533710638191205
489,0.8112974090237441,0.853222736328028
490,0.811123983270826,0.8530990698921289
491,0.8109432420852465,0.8529766403529564
492,0.8107356619176286,0.8528426643489637
493,0.8106175681998109,0.8527406333440538
494,0.8104220999094196,0.852588065575818
495,0.8102939790576886,0.8525078945911874
496,0.8101683015919328,0.8524342086697345
497,0.8100997425759502,0.8524101886266605
498,0.809951235998957,0.852308856978117
499,0.8097944526301285,0.852196535393381
500,0.8096593862222272,0.852113779428221
501,0.8094443326508,0.8519640660153107
502,0.8092937632228437,0.8518784883566142
503,0.8091653439917529,0.8517573601898929
504,0.809011791808831,0.8516398155313214
505,0.8088323004763006,0.851512796012204
506,0.8086716327552114,0.851423837246132
507,0.8084771334636831,0.8512663758670147
508,0.8083474614234152,0.8511923903993722
509,0.8081572167151391,0.8510583888922796
510,0.8080110840654428,0.8509480740133677
511,0.8078815502222448,0.8508817273409541
512,0.8076920981925578,0.850736865684334
513,0.8075490032731139,0.850628980954756
514,0.8074178440152342,0.8505467755482522
515,0.8072723618170552,0.8504266030988858
516,0.8072088111996136,0.8503939146448167
517,0.807064699690371,0.8503097631188727
518,0.8069540474055511,0.8502406656778337
519,0.8068411008683247,0.8501686749489253
520,0.8067153416813289,0.8500806787374041
521,0.806523292134427,0.8499385386138324
522,0.8063999316949353,0.8498689537993166
523,0.8062193417107498,0.8497391250138607
524,0.8060978605816054,0.8496535760512856
525,0.8059865211562224,0.8495650714258917
526,0.8058334331346422,0.8494449771933895
527,0.8056536435520912,0.8493339430735755
528,0.8055420244427439,0.8492568087888266
529,0.805348475926896,0.8491468005554992
530,0.8052152828029143,0.8490909698260998
531,0.8050901048910298,0.8490291082144005
532,0.8049553033496629,0.8489613979806433
533,0.8048036343890702,0.848827678181112
534,0.80466540718109,0.8487183658863902
535,0.8044814647097737,0.8485799534229228
536,0.8043489852606656,0.8485078397146621
537,0.8041733186947894,0.8483669390051417
538,0.8040649533947748,0.8482782210045603
539,0.8039212133215622,0.8481750794295687
540,0.8037254831410138,0.8480285528158438
541,0.8036064322633961,0.8479624792960313
542,0.8034546213164597,0.8478376305972329
543,0.803247417019239,0.8476879041350188
544,0.8030382048316926,0.8475572159133107
545,0.8027913672690565,0.8473359055253576
546,0.8026479274738554,0.8472166619203082
547,0.8025012880079063,0.8471001125552924
548,0.80237014226526,0.8470276446479944
549,0.8022363723848837,0.8469264555576765
550,0.8020349707105927,0.8467865479981523
551,0.8018377590495256,0.8466392439788105
552,0.8016239832524596,0.8464909404090607
553,0.8015232321200311,0.8464313119914894
554,0.8013717078028947,0.8463090507640749
555,0.8011944344412072,0.8461814888719661
556,0.801021392253819,0.8460722298211376
557,0.800847804798375,0.8459328468275807
558,0.8006705202713906,0.8458200252875331
559,0.800568558854136,0.8457540738740529
560,0.8004129510597436,0.8456225255708765
561,0.8003194856722295,0.8455743992468109
562,0.8002058764399086,0.8455079684437454
563,0.800048615547086,0.8453798643567066
564,0.799890155297291,0.8452780615538887
565,0.7997924380543602,0.8451927254576934
566,0.7996381672624587,0.8450953813871134
567,0.799503321186809,0.8450116141804076
568,0.7992949323477098,0.8448484324836102
569,0.7991156994476607,0.844716702914035
570,0.7990051438650696,0.8446682389092313
571,0.7989045399216318,0.8446018287964319
572,0.7987859465924412,0.8445037080866532
573,0.7986697704077518,0.8444231803183214
574,0.7985228384520995,0.8443202979862119
575,0.7983738315798142,0.8442057058086917
576,0.7982429956440773,0.8441391954537535
577,0.7980782155304279,0.8440336455771298
578,0.7979059959165818,0.843897632961921
579,0.797772050848326,0.8438267002563805
580,0.7976795163151413,0.8437620748355055
581,0.7975193038595566,0.8436417246847441
582,0.7973375495648752,0.8434991345566286
583,0.7972000286204487,0.8434155391462083
584,0.7970654753876106,0.8433098268972739
585,0.796891794715541,0.8431969858155626
586,0.7968159568235217,0.8431523270609721
587,0.7966183232918982,0.843016691409357
588,0.7965190466202889,0.8429572696878966
589,0.7963463277270333,0.8428486877698514
590,0.7962147090247638,0.8427715842295307
591,0.7961078930336922,0.8426856904468254
592,0.7960013979513165,0.8426128068239731
593,0.795896669111183,0.842525794132247
594,0.7957681511555195,0.84245164096335
595,0.7956025232195217,0.8423504185881346
596,0.7954748908918473,0.8422660995432053
597,0.7953568007159755,0.8422019284526128
598,0.7952915330893311,0.8421615981446154
599,0.7951568567415884,0.8420423869676827
600,0.7950775899865392,0.8420043825394992
601,0.794957140920583,0.8419275976700553
602,0.7948393989822823,0.8418777109096279
603,0.7946805047668086,0.8417711450756309
604,0.7944704552633614,0.8416393238514015
605,0.7942992825181576,0.841523309520645
606,0.7941355714656896,0.8414109409789658
607,0.7939575691585429,0.8412881466687107
608,0.793805385982601,0.8411948224194582
609,0.7937036445169121,0.841126275981495
610,0.7935899673499788,0.8410425156352077
611,0.7934311419499104,0.8409280711563095
612,0.7932882259394199,0.8408470843418575
613,0.7931659183529038,0.8407877431801086
614,0.7930459472848445,0.840718387282327
615,0.7929461944712906,0.8406390290514826
616,0.7928393428775768,0.840567754715586
617,0.7927322693534327,0.8404843021953947
618,0.7926450233463669,0.8404259606016676
619,0.7925271426709752,0.8403559945724367
620,0.7924174473276244,0.8402672689956101
621,0.7922854379158635,0.8401725905857854
622,0.792130914177039,0.840070031347289
623,0.7920068700859577,0.8399752149846693
624,0.7918900202231746,0.8398956158101918
625,0.7918159097104607,0.8398485312050498
626,0.7916385412735739,0.839718567046844
627,0.7915344658140105,0.8396471464363987
628,0.7913802265347627,0.8395423928290454
629,0.791253420655062,0.8394919739756935
630,0.7911470236068106,0.839414409399909
631,0.7910120086127745,0.8393431611119626
632,0.7908469537745068,0.8392176600966749
633,0.7906820364479239,0.8391019579061543
634,0.7905373260443027,0.8390112762512746
635,0.7904135462858115,0.8389394459744953
636,0.7902551836627815,0.8388341815457516
637,0.7900703018187082,0.8387121136582162
638,0.7899021250123947,0.8386012084316196
639,0.7897803329144585,0.8385260062859476
640,0.7896919489542442,0.8384688551608954
641,0.7895750392011963,0.8383842504083804
642,0.7894329988077431,0.8382838750442092
643,0.7893221121038424,0.8382116687424456
644,0.7891899106339775,0.8381075675466932
645,0.789093237812758,0.8380497422128759
646,0.7889888062501841,0.8379989538785805
647,0.7888879506780909,0.8379203056239589
648,0.7887424592172435,0.8378019050430471
649,0.7885917501203046,0.837712795094856
650,0.7884535961452485,0.8376075634704958
651,0.7883083606331719,0.8375049650586397
652,0.7881434065086719,0.837390184276796
653,0.7879894714128641,0.8373007301302351
654,0.7878756763047393,0.8372287870556313
655,0.787745145929473,0.837139586195655
656,0.78754317366547,0.8370129304819245
657,0.7874166115980622,0.8369349858087931
658,0.7872740641258669,0.836833047136462
659,0.7870627147128452,0.8366642366358895
660,0.7869000567295389,0.8365455576805262
661,0.7868047369072513,0.8364695668342588
662,0.7866787370616813,0.836402034279245
663,0.7865547001188985,0.8363311531719356
664,0.7863886944353564,0.8362202063879624
665,0.7863034614501406,0.8361701198875542
666,0.7861336541335576,0.8360308894391645
667,0.7859976406067103,0.8359259092829106
668,0.7859038627763096,0.8358898407163737
669,0.7858164634824527,0.835836755491985
670,0.785696267900158,0.8357564299822832
671,0.7855658949380359,0.8356652184884237
672,0.7854653068554303,0.8356071136185614
673,0.7853791184738764,0.8355452118527783
674,0.7852612254033742,0.8354613315152485
675,0.7851241417346725,0.8353694475589699
676,0.7850060859656426,0.835277305254441
677,0.7848964120218836,0.835193875329214
678,0.7847632633218028,0.8350836305804287
679,0.7846551369489514,0.834987915500462
680,0.7845588175840933,0.8349144860031317
681,0.784478524471069,0.8348517112867229
682,0.7843687558296724,0.8347609920532896
683,0.78423935400235,0.8346724233490935
684,0.7841613404065092,0.8345990465856105
685,0.7840250323270133,0.8345068486040347
686,0.7839109262101638,0.8344280554927725
687,0.7838238091730593,0.8343716987262899
688,0.7837272560894457,0.8343022828045058
689,0.7835889483347445,0.8342361642227365
690,0.783475550779625,0.8341628297010897
691,0.7833364026780472,0.8340725688994093
692,0.7832738307010249,0.8340330279602413
693,0.7831751108682862,0.8339691818725972
694,0.7830336365424806,0.833890762476023
695,0.782915164912564,0.8338096905491388
696,0.7828359281097806,0.833755237404688
697,0.7826843208968756,0.8336634477897832
698,0.7825789259536741,0.8335760589014668
699,0.782482311137734,0.8335224464190406
700,0.7824018924818226,0.833480647435992
701,0.7822714722696102,0.833382567835229
702,0.7821267151300318,0.8332844851967628
703,0.782005735029754,0.8332227056694667
704,0.7819360749427346,0.8331654504208283
705,0.7818682267271987,0.8331253410502912
706,0.7817669553989348,0.833049144724389
707,0.7816777822557653,0.832984503763257
708,0.781549369543557,0.8329074622155407
709,0.781450905831761,0.8328232902185237
710,0.7813602179854723,0.8327534271989749
711,0.7812264555564765,0.8326440653349244
712,0.7810799786766925,0.8325614237966722
713,0.780923747534255,0.8324429776141675
714,0.780814081516794,0.8323606718837356
715,0.7806408920292344,0.832263230829523
716,0.7805358918595642,0.8322167733463475
717,0.7804359396921001,0.8321232632598256
718,0.7803303393083507,0.8320401460141723
719,0.7802387807185505,0.8319755447750824
720,0.7801222502656819,0.8318944795071188
721,0.7800432555674104,0.8318531940555968
722,0.779945330748093,0.8317883660640352
723,0.7798163125343976,0.8316767308845155
724,0.779724884711474,0.8315939354826147
725,0.7796558534178315,0.8315210749586623
726,0.7795331587923747,0.831418869765975
727,0.7794320174549837,0.8313754145309127
728,0.7792681149244877,0.83127436271587
729,0.7791215071025583,0.8311593788453073
730,0.779028408165013,0.831095246010094
731,0.7788763004546225,0.8309989816202626
732,0.7787593087713861,0.8309202911695263
733,0.778615175007989,0.8308249517847799
734,0.7785117358575412,0.8307542062598872
735,0.7783840299232182,0.8306444354721286
736,0.7782203136752088,0.8305230979937714
737,0.7781015762150417,0.8304473543597007
738,0.7779731170539849,0.8303761660937267
739,0.7778573980904863,0.8302921899304466
740,0.7777699418395302,0.8302486336347645
741,0.7776738019632441,0.8301758898166495
742,0.7775949865966888,0.830107266676392
743,0.7775007137733991,0.8300632478687535
744,0.7773691425964073,0.8299694876278597
745,0.7772398520402876,0.8298760121935439
746,0.7771369601814772,0.8298003368331125
747,0.7770520389520394,0.8297442157922794
748,0.7769424218116001,0.8296599741946948
749,0.7768298716436999,0.8295814879463361
750,0.7766785538679326,0.8294700415020566
751,0.776602928463826,0.8294129711292829
752,0.7764533301244717,0.8293050344557076
753,0.7763289449649473,0.8292123102811342
754,0.7761897161499957,0.8290902135050287
755,0.7760697380356086,0.8290162623350387
756,0.7759510779539645,0.828926210632639
757,0.7758488059658393,0.8288258971763828
758,0.775743588096093,0.8287435922482342
759,0.7756365756952596,0.8286756893941356
760,0.7755260436595045,0.8285756448434335
761,0.775372140375893,0.828472765884255
762,0.7752975025610966,0.8284300203363624
763,0.7751807354189355,0.8283601596028705
764,0.7750747229776044,0.8282831628675211
765,0.7749575551231305,0.8281946147332081
766,0.7748612491378402,0.8281253104302521
767,0.774771851775369,0.828069981947176
768,0.7746513545517141,0.8279974906791605
769,0.774510246890947,0.8278785439909956
770,0.7744536846546306,0.8278509399581646
771,0.7742932913174176,0.827706334700612
772,0.7741754112856042,0.8276384763197137
773,0.7740631996611462,0.8275604757746975
774,0.7739312657315636,0.8274737677915758
775,0.7737610278965333,0.8273445838342011
776,0.7736677200635497,0.8272795239384234
777,0.7735714686868752,0.8271882637999562
778,0.7734431644511018,0.8271182150325002
779,0.7733633005084627,0.8270645559078319
780,0.7732234939160059,0.8269636238171212
781,0.7731255902468466,0.8268870095540379
782,0.773086945986861,0.8268555373405375
783,0.7729898363298203,0.826783282358759
784,0.7728817627226514,0.8267105823855179
785,0.7727519902473402,0.8266280791648621
786,0.7725836618066392,0.8264903845438617
787,0.7724891988567002,0.8264350097711224
788,0.7723706259609361,0.8263275486587132
789,0.7722857390661858,0.8262715023900175
790,0.7721658167526763,0.8261758803502188
791,0.7720723827858996,0.8260989553982556
792,0.7719712531425529,0.8260325690969644
793,0.771795538772,0.825909347879441
794,0.7716509564639465,0.8257884564759014
795,0.7715372633951245,0.8256853655275417
796,0.7714713696620168,0.8256461864303766
797,0.7713455187857682,0.8255603498609018
798,0.771222715615481,0.8255055425372726
799,0.7711099551195361,0.8254225057062262
800,0.7709649769693491,0.825305024158542
801,0.7708740106257923,0.8252415054418292
802,0.7707232484673838,0.8251038349609569
803,0.7705964147683299,0.8250287180128646
804,0.7705026861444845,0.8249582539607739
805,0.7704426059861738,0.8249256909508714
806,0.7702923714229314,0.8248244441322391
807,0.7701671670013966,0.8247641534238515
808,0.7700402398121512,0.8246749965245849
809,0.769920070579246,0.8245897596659506
810,0.7698165612455539,0.8245283656258785
811,0.7696915079392275,0.824440102718442
812,0.7695642644538735,0.824356577147814
813,0.7694416701218845,0.8242789044708386
814,0.7693377656951346,0.8242079636297394
815,0.7691981604200099,0.8240987781989576
816,0.7691210576048465,0.8240426766052704
817,0.768994888879329,0.8239512397786998
818,0.7688609673656667,0.8238548159747106
819,0.7687124159462003,0.8237505540396736
820,0.7685763244344997,0.82365207441434
821,0.7684345358740189,0.8235574522751934
822,0.7683310284592124,0.823488096625877
823,0.7681927118144488,0.8233727935914812
824,0.7680766076014934,0.8232890360022372
825,0.7679751221280118,0.8232174712935274
826,0.7678572036303496,0.8231307967236727
827,0.7677547403784336,0.8230453868271965
828,0.7676284269724192,0.8229476234052565
829,0.7675062903302959,0.8228665736807396
830,0.7674182253937136,0.8227956318988885
831,0.7672956278796605,0.8227146452331776
832,0.7671494519774166,0.8226184859547745
833,0.7670510057163099,0.82254451412152
834,0.7669418517066905,0.8224674660744257
835,0.7668410184943083,0.8223975302743952
836,0.7667427934026653,0.8223459980111663
837,0.7666034352477005,0.822222609771059
838,0.7664659908769067,0.8221251294338895
839,0.7663275608443596,0.8220268464046417
840,0.7662401356386347,0.821978856486577
841,0.7661092671409189,0.821887337013245
842,0.765997869434632,0.821818590002032
843,0.7658679738869137,0.8217461471654658
844,0.7657789471963998,0.8216944270448064
845,0.7656640900145412,0.8216301433125421
846,0.7655589698463461,0.8215719735834334
847,0.7654219582458097,0.8214688830302302
848,0.7652855182351483,0.8213856996901754
849,0.7651672174251418,0.8212785554931397
850,0.7650349454877308,0.8211513881595527
851,0.7649039971834831,0.8210472968733996
852,0.7648137067198283,0.820994986299438
853,0.7647219287223124,0.82094220733245
854,0.7646581332399778,0.8209043141784615
855,0.7645099200653278,0.8208042938496832
856,0.7643791695771207,0.8207129741634881
857,0.7642341082028075,0.8206241540625183
858,0.7641049716131451,0.8205391444116652
859,0.7640326455520171,0.820490649909823
860,0.7639196451754473,0.8204030213030757
861,0.7637882114094731,0.8203160553195711
862,0.7636792634241172,0.8202300579922531
863,0.763606216445009,0.820182357719749
864,0.7634915550533973,0.8201046434042019
865,0.7633683043163976,0.820026144455806
866,0.7632846748585297,0.81997437320159
867,0.7631635323934417,0.8199077917619625
868,0.7630409758995153,0.8198273190467008
869,0.7629539435782442,0.819755999217338
870,0.7628979983689941,0.8197082671054465
871,0.762793905636641,0.8196468674913002
872,0.7627236388929,0.8195908927347684
873,0.7626338590427189,0.8195381599261049
874,0.7625509463507074,0.8194759692372492
875,0.7624527404656922,0.819370701323768
876,0.7623115883187043,0.8192787671459355
877,0.7622252123877016,0.8191993377560168
878,0.7621426867070435,0.8191493386072893
879,0.7620140736605724,0.8190638085470255
880,0.7619059586450014,0.8189710080222232
881,0.7618061995252523,0.8189005531550191
882,0.761729005976383,0.8188455838598365
883,0.7616535814164368,0.8187870247843624
884,0.7615494698672323,0.8187002606989847
885,0.7614202997332619,0.818597412480243
886,0.7613247560731543,0.8185216931950866
887,0.761213791945643,0.8184563680202074
888,0.7611010591748117,0.8183687495689642
889,0.7609960492647576,0.8182842847225281
890,0.7608383985081669,0.8181753040219122
891,0.7607528641867376,0.8181220792960863
892,0.7606511715082683,0.818051465660294
893,0.7605547937982703,0.8179974233408911
894,0.7604580520089886,0.8179515641369697
895,0.7603323389802952,0.817872768187871
896,0.7602249772314361,0.8177932288596188
897,0.7601397888002384,0.8177291088258277
898,0.7599689995291035,0.8175899010893073
899,0.7598485794787608,0.8174817989516305
900,0.7597509926583412,0.8174007365845197
901,0.7596870274502375,0.817358497406735
902,0.7595909771792673,0.8172781327853005
903,0.7594910467751463,0.8171988364561314
904,0.7594014136780363,0.8171494567652645
905,0.7593296045021809,0.8170940729390839
906,0.7592069764546588,0.8170180732668028
907,0.7591377669680438,0.8169704356231184
908,0.7590700043940006,0.8169216180803873
909,0.7589928049196932,0.8168607240715254
910,0.7588522190011829,0.8167554351722272
911,0.7587858163273292,0.8166988897229044
912,0.7587177343776671,0.8166673203007475
913,0.758622833826049,0.816602503180984
914,0.7585425161501927,0.8165506392151001
915,0.7584516493346658,0.8164937643110706
916,0.758291673691908,0.8164126073201402
917,0.7582192776008866,0.8163472372783498
918,0.7581316758876148,0.8162741663113618
919,0.7580594618086894,0.8162269759210026
920,0.7579004183041864,0.8160972719879658
921,0.7578270901034587,0.8160657532699583
922,0.7577535364038487,0.8160178424509728
923,0.7576417984392656,0.8159550461741704
924,0.7575390125619108,0.8158659699067554
925,0.7574440149890286,0.8158024318616797
926,0.7573639102539826,0.8157475553169603
927,0.7572842359025741,0.8156944646339248
928,0.7571944562829478,0.8156369607490406
929,0.7571097720490458,0.8155847587172069
930,0.7570441105614122,0.815546497975264
931,0.7569284337947624,0.8154767692702408
932,0.7568012904048852,0.8153767028615612
933,0.7567166208904402,0.8153200265622434
934,0.7566437258584457,0.8152725902307978
935,0.756546185324209,0.8151872276451929
936,0.7564318565977933,0.815103069613199
937,0.7563593414478113,0.8150478946355586
938,0.7562484771686354,0.8149771356317372
939,0.7561633019834366,0.8149146731792913
940,0.7561098630279762,0.8148847052526055
941,0.7560513539100193,0.814848916895402
942,0.7559843066725896,0.8147964364808743
943,0.755863678530693,0.8147061673282163
944,0.7557996602215334,0.8146689674646024
945,0.7557127181517753,0.8146128724931953
946,0.7556512824426367,0.8145766629635568
947,0.7555595458040274,0.8145181069413856
948,0.7554764584109139,0.8144656251604899
949,0.7553733257679927,0.814397827655937
950,0.7553034078612035,0.8143537532614781
951,0.7552230837780599,0.8142958308904245
952,0.7551373030251756,0.8142498571817747
953,0.7550330472756646,0.8141893182239222
954,0.7549555326442599,0.8141389703129275
955,0.7548931179316829,0.8140982424053729
956,0.7547625102607387,0.8140011838685707
957,0.7546657864456783,0.8139380903259289
958,0.7545789659260719,0.8138765032177028
959,0.7544938219462312,0.813831364514959
960,0.7543994197591571,0.8137773065833354
961,0.7543483424374525,0.8137567564463057
962,0.7542446538661883,0.8136695458523996
963,0.7541479212625222,0.8136288468295929
964,0.7540624043472433,0.8135643779978354
965,0.7539639188567636,0.8134935290244004
966,0.7539007158179357,0.8134479518477871
967,0.7538229295596014,0.813405093871525
968,0.7537425217504324,0.813340753023879
969,0.7536813430128015,0.8133081900105783
970,0.7536147903974567,0.8132920535640702
971,0.7535262416194068,0.813240382720925
972,0.7534251245139418,0.8131678305184554
973,0.7533272727679647,0.8130991423480337
974,0.7532314823326954,0.8130455980208687
975,0.7531643447080749,0.8130022930778963
976,0.7530593718877705,0.8129247027925818
977,0.7529573913884952,0.812861898723439
978,0.7528703756278172,0.8127969878457061
979,0.7527739433056421,0.8127470311380853
980,0.7526704111844564,0.8126900960535755
981,0.7525348112324524,0.8125867644874997
982,0.7524780213972877,0.8125561777634436
983,0.7523602032130612,0.8124933914187482
984,0.7522416452897681,0.8123853643848874
985,0.7521364123312688,0.8123113839201422
986,0.752074471035945,0.8122713010446972
987,0.7519849097457363,0.8122054865145947
988,0.751922740575877,0.8121608729363182
989,0.7518577685465061,0.8121187342163532
990,0.7517770394438779,0.8120741673595773
991,0.7516825583531276,0.8120281455181626
992,0.7515636739699567,0.8119225725586229
993,0.7514917518332873,0.8118793535743051
994,0.7513614433318592,0.8117896081180886
995,0.7512537880106575,0.8117132266874348
996,0.7512026443644344,0.8116885397048815
997,0.7511321334194638,0.811644315472444
998,0.7510303832077242,0.8115644604106523
999,0.7509785410848128,0.8115393010382256
1000,0.7508421218328003,0.8114453310010474
1001,0.7507412848778494,0.8113806701953933
1002,0.7506490116025426,0.8113251698765435
1003,0.7505637532528161,0.811251306300599
1004,0.7504911523136606,0.8111996977805819
1005,0.750387117871713,0.8111329539670433
1006,0.7503012784157955,0.8110920886599798
1007,0.7502355094877664,0.8110478738282921
1008,0.7501028067965981,0.8109908512939867
1009,0.7500130970753541,0.8109292037494572
1010,0.7499068499986943,0.8108594081332794
1011,0.7498281168367601,0.8108104487740676
1012,0.7497178195744348,0.8107476732281745
1013,0.7496678019184756,0.8107202620285994
1014,0.7495991850351397,0.8106871411495652
1015,0.749511441241329,0.8106240481891392
1016,0.7494530549825436,0.810583303774022
1017,0.7493733582199539,0.8105398206985972
1018,0.749311385824204,0.8104902973682913
1019,0.7492090123882351,0.8104185423986151
1020,0.7490882026258487,0.8103408219350068
1021,0.7490042557285655,0.8102962060902785
1022,0.7488924349078477,0.8102262966869856
1023,0.7488057548137558,0.8101676186485833
1024,0.748748375211458,0.8101307109978946
1025,0.7486101124625367,0.8100375371990228
1026,0.7484449658927567,0.8099102204270198
1027,0.748329746406989,0.8098291443879789
1028,0.7482031026926578,0.8097543093655266
1029,0.7480582623899756,0.8096454651805687
1030,0.7479223917156653,0.8095468484859488
1031,0.7477953678181629,0.8094481498829481
1032,0.7477330639773646,0.8094040166226744
1033,0.7475940933927971,0.8092739453455096
1034,0.7474795230035249,0.809190334185089
1035,0.7473713506194366,0.8091028259737257
1036,0.7472741007508924,0.8090298805824649
1037,0.7472108831875516,0.8089855197976535
1038,0.747142921390008,0.8089610101690916
1039,0.7470574707142543,0.8088993277948691
1040,0.7470070995110462,0.808859031382498
1041,0.7468945497113924,0.8087734092740742
1042,0.7467860328524217,0.8086893253477557
1043,0.746688150382098,0.8086044808986215
1044,0.7465646037729713,0.808524752284629
1045,0.7464951160175464,0.8084822156084284
1046,0.746423145937248,0.8084331216984104
1047,0.7463422876910779,0.8083743185189528
1048,0.7462728379381978,0.8083199479226626
1049,0.746160303447455,0.8082458953946788
1050,0.7460560409788769,0.8081898634645786
1051,0.7459705961082911,0.8081317031249835
1052,0.7459062702050978,0.80808250450754
1053,0.7458239259533153,0.8080297301302066
1054,0.7457620207566116,0.8079842591405259
1055,0.7456809693313061,0.8079142802569713
1056,0.7455593862118373,0.8078190084824471
1057,0.7454718539836136,0.8077512521267576
1058,0.7454077145711849,0.807715651917778
1059,0.7453452031688979,0.807671989407254
1060,0.7452375578289494,0.8075834502241812
1061,0.7451245341905057,0.8074998703139825
1062,0.7450726338567619,0.8074692063004354
1063,0.7450271033181441,0.807444443783052
1064,0.744976828515202,0.8074038100535135
1065,0.7448745060859033,0.8073306875688178
1066,0.7448103266106595,0.8072866012954847
1067,0.7447043485454409,0.8072225622360619
1068,0.7446293472186244,0.8071544655983225
1069,0.744556263188929,0.8071042867142506
1070,0.744478388751117,0.8070470717421115
1071,0.7443929573218657,0.8069974159944375
1072,0.7443153180667248,0.8069505747245005
1073,0.7442396056462408,0.8069095993556515
1074,0.7441674232381749,0.8068757001468275
1075,0.744064947895878,0.8067992284897609
1076,0.7439756586070616,0.8067407289456434
1077,0.7439033991510714,0.8066994052327994
1078,0.7438046986645033,0.8066251688162478
1079,0.7437123685249121,0.8065745558353888
1080,0.7436626123823361,0.8065567643100727
1081,0.74359007750579,0.8065191740263032
1082,0.7434945910486156,0.8064653478222421
1083,0.7434182979409596,0.8064221638329255
1084,0.7433412073386523,0.8063671064248162
1085,0.7432435474652621,0.8062848820899267
1086,0.7431683693457206,0.806256415679102
1087,0.7430712383552829,0.8062059359216316
1088,0.7429695932102792,0.806125370942515
1089,0.7428705234822687,0.8060618265411814
1090,0.7427891530241484,0.806018581604206
1091,0.7426952235882278,0.8059313870458051
1092,0.7426256359282487,0.8059006245474941
1093,0.742569968060031,0.8058777987399077
1094,0.7424985667783229,0.8058190512637677
1095,0.742421951295572,0.8057680194394082
1096,0.7423423012003477,0.8057196552222473
1097,0.742262137456998,0.8056717612279876
1098,0.7421790855200637,0.805625026154937
1099,0.7420728775429767,0.8055636312735873
1100,0.7419948084000962,0.8054970372050091
1101,0.7419242374816385,0.8054369469082133
1102,0.741831401582406,0.8053856737354853
1103,0.741773818347002,0.805355196150351
1104,0.741722533303166,0.8053172958440141
1105,0.7416379656122783,0.805261733017794
1106,0.7415411609880774,0.8052062173497074
1107,0.7414102317071287,0.8051088973552069
1108,0.7412871135578004,0.8050051331781052
1109,0.7412226518485159,0.8049654402319337
1110,0.7411517616739609,0.8049166152554939
1111,0.7410833954697766,0.804877525788655
1112,0.7410309310309812,0.8048425466634439
1113,0.7409631068235831,0.8048030915962662
1114,0.7408772456869303,0.804730486457624
1115,0.7407947549612073,0.8046596979136649
1116,0.7407129012404129,0.8046003595368351
1117,0.7406394498884621,0.8045409069833259
1118,0.7405112653601054,0.8044431507236569
1119,0.7404020001753764,0.8043435242025176
1120,0.7403194827542321,0.8042848624724108
1121,0.7402341125306804,0.8042150612842568
1122,0.7401115256801801,0.8041289070995598
1123,0.7399930562894805,0.8040410580406667
1124,0.7398886311402358,0.8039685551373994
1125,0.7397628095345342,0.8038987767552018
1126,0.7397120516741549,0.8038662288963148
1127,0.7396187417455553,0.8037972533720221
1128,0.7395115728045826,0.8037025420032001
1129,0.7394155976711242,0.8036295235120237
1130,0.7393226813261466,0.8035796328858882
1131,0.7392316758076675,0.803524416061908
1132,0.7391455772238943,0.803461012971812
1133,0.7390257266413073,0.8033738241956309
1134,0.7389432404656248,0.8033158313207887
1135,0.7388769234605324,0.8032723132741982
1136,0.7388051629116369,0.8032158720761623
1137,0.7387316237521717,0.803167850545574
1138,0.7386808945547063,0.8031434734509704
1139,0.7386145640150373,0.8030841648679478
1140,0.7385471829158388,0.803042487077954
1141,0.7384547176347468,0.802982601844867
1142,0.7383682927818783,0.8029392012009671
1143,0.7382488895336761,0.802860014816007
1144,0.7381269607025283,0.802803307702133
1145,0.7380491081859936,0.80274668309747
1146,0.7379582176259949,0.8026979830264167
1147,0.7378911983852762,0.8026618730173386
1148,0.7378225757505724,0.8026103971487543
1149,0.7377284062349513,0.8025393310527276
1150,0.7376693321633454,0.8024964175114755
1151,0.7375526044072719,0.8024028893953298
1152,0.7374566510697791,0.8023390124833996
1153,0.7373547658533297,0.8022585768422157
1154,0.7372620748132966,0.8021774449719137
1155,0.7372163892907055,0.8021512205607849
1156,0.7371195433651406,0.8021038443276438
1157,0.737046884604849,0.802046276722095
1158,0.7369726649482041,0.8020132506207563
1159,0.7369009169470017,0.801955187522499
1160,0.7368035730401816,0.801915010855686
1161,0.736705014694881,0.8018558102388285
1162,0.736604878301451,0.8017945791012044
1163,0.7365488645866216,0.801749532501229
1164,0.7364594404720953,0.8016838641002223
1165,0.7363971058302293,0.8016531067886025
1166,0.7363615948776094,0.8016322118125303
1167,0.7362888053215944,0.8015773223233446
1168,0.7362175538030187,0.8015326580386875
1169,0.7361401209642429,0.801476764218119
1170,0.7360239754508984,0.8013992219176963
1171,0.7359252810739253,0.8013304419059659
1172,0.7358288323404405,0.8012600631818095
1173,0.7357584236104866,0.8012103030393114
1174,0.7357109283545518,0.8011819585683244
1175,0.735588450602292,0.8011028503697586
1176,0.7354830615299982,0.8010260417146304
1177,0.7353752392721938,0.8009506690321725
1178,0.7352622660356471,0.8008771662051334
1179,0.7351562272686086,0.8008036579773455
1180,0.7350751586479131,0.8007467944747066
1181,0.7349718067584656,0.8006818866931524
1182,0.7348671201722732,0.800619425790815
1183,0.7347427797436771,0.8005501331620906
1184,0.7346637633871429,0.8005009775355826
1185,0.734568119425033,0.8004221822807344
1186,0.7344803675277102,0.8003627899709505
1187,0.7344221918036988,0.8003260231593448
1188,0.7343557249709259,0.8002881955145806
1189,0.7342637793332346,0.8002233059442555
1190,0.734171538151295,0.8001417892064127
1191,0.7341067481979664,0.8000995396987264
1192,0.7340285475303092,0.8000429169782207
1193,0.7339520438030742,0.8000010530770268
1194,0.7338905924531789,0.7999482672755347
1195,0.7337949329674884,0.7998889915648886
1196,0.7337082278827239,0.799826899858134
1197,0.7336330001881732,0.7997880189456891
1198,0.7335471281796752,0.7997291686276394
1199,0.7334078345590699,0.7996326310275403
1200,0.7332867691959745,0.7995586988923906
1201,0.7331995108259305,0.7995020236429585
1202,0.733155508112139,0.7994652230613308
1203,0.7330670864503069,0.7994012193003261
1204,0.7330123069199959,0.7993604106503126
1205,0.7329144412223555,0.799295998977789
1206,0.7328237050164592,0.7992356327695828
1207,0.7327419267996648,0.7991643851888007
1208,0.7326530053608248,0.7991010158464671
1209,0.732575763658696,0.7990422382556578
1210,0.73249920673624,0.7989839115849487
1211,0.7324562413143639,0.7989574847203031
1212,0.7323706128234088,0.7989191740248537
1213,0.7322562602406715,0.7988488876190134
1214,0.732173708433667,0.7988087530572524
1215,0.7321130491132444,0.7987786834051811
1216,0.732010593487581,0.7987220640219332
1217,0.7319241217494409,0.7986638347964071
1218,0.7318500025617067,0.7986140945001178
1219,0.7317568910292633,0.7985408076194351
1220,0.7316819014903578,0.7984808537213717
1221,0.7316261544552044,0.798429878237022
1222,0.7315757724607038,0.7983965508299115
1223,0.7314731690984204,0.7983142363019492
1224,0.7314274802792421,0.798292991010725
1225,0.7313399498377855,0.798241330242302
1226,0.731287019774426,0.7982038748133216
1227,0.7311932957338262,0.7981483344542389
1228,0.7311106185970354,0.798094118245252
1229,0.7310111873727186,0.7980426385835452
1230,0.7309441285147359,0.7979996502644974
1231,0.7308846937773233,0.7979520061271419
1232,0.7307934612228132,0.7979039328002487
1233,0.7307428734683398,0.797858124258833
1234,0.7306964149995155,0.7978320422059327
1235,0.7306422758272448,0.7977992045802349
1236,0.7305796763967258,0.7977565533581711
1237,0.7304938750232912,0.7977001875472683
1238,0.7303960078195305,0.7976229124428631
1239,0.7302918554487129,0.7975756134398287
1240,0.7302358635873237,0.7975295120979776
1241,0.7301651347585584,0.7974845501650508
1242,0.730077794098675,0.7974300885733127
1243,0.7299769024971607,0.797340728580632
1244,0.7299189786938688,0.7973214962820652
1245,0.7298457282479727,0.7972710214131333
1246,0.7297271621105398,0.7971783229965219
1247,0.7296379215075323,0.7971269240578499
1248,0.7295440598162704,0.7970612393375486
1249,0.7294983437494211,0.7970278367308397
1250,0.729426737275664,0.7969798901121109
1251,0.7293082020168767,0.7969110983833372
1252,0.729223972076961,0.7968537674364562
1253,0.7291259997543216,0.7968006725982282
1254,0.7290337779149763,0.796740980183654
1255,0.7289689056456891,0.7967032591509908
1256,0.7288830765739167,0.7966536055640366
1257,0.7288254112764284,0.7966215145946062
1258,0.7287670713528224,0.7965850590244965
1259,0.7286682563839005,0.7965090650547422
1260,0.7285731461300885,0.7964575866135609
1261,0.728486198562792,0.7964045624319359
1262,0.7284204834827281,0.7963559281517555
1263,0.7283299982492467,0.7962985539433203
1264,0.7282662592714853,0.7962620279055155
1265,0.7281985044340347,0.7962087252900657
1266,0.728121355423243,0.7961718224704831
1267,0.7280465562911836,0.7961222186995208
1268,0.727983704791644,0.7960836739352659
1269,0.7279079337049331,0.7960316615797125
1270,0.7278264959416505,0.7959750108406323
1271,0.7277702858522567,0.7959424582106742
1272,0.7276900643790524,0.7958906043485874
1273,0.7276179701165548,0.7958455094615116
1274,0.7274946365311705,0.7957778906354136
1275,0.727441812408597,0.7957534206311827
1276,0.7273634603453304,0.7957022691495127
1277,0.7272980348956333,0.7956663416328458
1278,0.7272196838013659,0.7956124051934884
1279,0.7271450700469025,0.795561012617847
1280,0.7270633761467075,0.7955159745830531
1281,0.7269953206056965,0.795467084058937
1282,0.7269568980780516,0.7954385210320815
1283,0.7268956128367642,0.7953962374090526
1284,0.7268412382856358,0.795362092940271
1285,0.7267716615909631,0.795316488273191
1286,0.7266989752112619,0.7952613028341315
1287,0.7266488457043171,0.7952367872758062
1288,0.7265760466805675,0.7951799192267123
1289,0.7264789040091217,0.7951059806662805
1290,0.726404855117508,0.7950565604378405
1291,0.726327160125819,0.7949918084546383
1292,0.7262444812801643,0.7949412483510717
1293,0.7261643847946908,0.7948808010675018
1294,0.7260878396073811,0.7948416960975736
1295,0.7260222766703879,0.7948213940939002
1296,0.7259362366583341,0.7947700138235012
1297,0.7258681565724281,0.7947155336415489
1298,0.7258289119867657,0.7946896586051119
1299,0.7257755979478838,0.7946622530256202
1300,0.7256977937572283,0.7945800146826106
1301,0.7256195068583423,0.7945159691916136
1302,0.7255603172384901,0.7944675139181884
1303,0.7255061409191289,0.7944174851609035
1304,0.7254409861529488,0.7943741409006759
1305,0.7253387888429921,0.7943129759209713
1306,0.7252753027326423,0.7942625740699658
1307,0.7252160485436902,0.7942122992773044
1308,0.7251452793699664,0.7941532100771869
1309,0.7251059434036954,0.7941263926145176
1310,0.7250343647718995,0.7940701072601218
1311,0.7249481416734319,0.7940165294246903
1312,0.7249049441775806,0.7939919123903949
1313,0.7248201653784825,0.7939242419481081
1314,0.7247372728071785,0.7938835616296376
1315,0.7246675507569207,0.7938400741878133
1316,0.7245667537661394,0.7937606692419785
1317,0.7245009097219051,0.7937024553408702
1318,0.7244338809478252,0.7936415423922335
1319,0.7243812447861742,0.7936083970608843
1320,0.7243113780188759,0.7935491476987389
1321,0.7242079399685015,0.7934736911239404
1322,0.72416546830034,0.7934432101188091
1323,0.7240857345902743,0.7933975985035154
1324,0.7240286190439507,0.7933785496157951
1325,0.7239627186433625,0.7933274945877904
1326,0.7238727131541187,0.7932743296055905
1327,0.7238271638059876,0.7932486342848816
1328,0.7237652413774858,0.7932135582308305
1329,0.7236817311581651,0.7931526399947295
1330,0.7236254935220916,0.7931035354319746
1331,0.7235482507505904,0.7930488308130276
1332,0.7234707599195387,0.7929862606407954
1333,0.7234096890964414,0.7929588629226111
1334,0.7232979588664414,0.792869175966387
1335,0.723229214799448,0.7928171515253891
1336,0.7231091068296218,0.7927361347885484
1337,0.7230198247281394,0.7926788242378519
1338,0.7229555929706146,0.7926355927441675
1339,0.7228446301978128,0.7925740448123815
1340,0.7227730156722609,0.7925198097480337
1341,0.7227248626529164,0.7924980536031416
1342,0.722639974097368,0.7924401032805874
1343,0.7225441117552232,0.7923650247518029
1344,0.7224766903367229,0.7923115257074651
1345,0.7224192089565152,0.7922696730948703
1346,0.722346408794057,0.7922267088944739
1347,0.7222540906712795,0.792151966563283
1348,0.7221373175434107,0.7920648494615291
1349,0.7220366992310764,0.7919847628890937
1350,0.7219694379712721,0.7919380465301414
1351,0.7219129648212748,0.7918977245275014
1352,0.7218504442484627,0.7918520937993617
1353,0.7217688835786411,0.7918042128004733
1354,0.7217390407077349,0.79177408857157
1355,0.7216689520970045,0.7917213705629454
1356,0.7215975020364107,0.7916674553097899
1357,0.7215259660592859,0.7916225280497344
1358,0.7214574742291603,0.7915759573402343
1359,0.721376832445661,0.7915339187455881
1360,0.7213275201608825,0.7915002315379555
1361,0.7212538229837168,0.7914393138569439
1362,0.7211639692968107,0.7913712323583807
1363,0.721112637304602,0.7913380039423228
1364,0.7210614938958917,0.791287792985963
1365,0.7209878119559229,0.7912432005570843
1366,0.7209196461854604,0.7911913564610369
1367,0.7208410983919044,0.7911224721939912
1368,0.7207650121241383,0.7910622358618243
1369,0.7206979762095226,0.7910286931436498
1370,0.720635767315758,0.790970854674425
1371,0.7205561445971875,0.7908988753981039
1372,0.7204738440868621,0.7908473799569887
1373,0.7204313475084753,0.7908226043992396
1374,0.7203292578943826,0.7907687242193736
1375,0.7202344657763482,0.7906930051392195
1376,0.7201584103942411,0.7906410644849265
1377,0.7200868136139206,0.7905870241117747
1378,0.7200268434968965,0.7905379584930633
1379,0.7199682824202276,0.790515631722695
1380,0.7198666651166938,0.7904135428211994
1381,0.7197974846104612,0.7903747071334805
1382,0.7197262053733149,0.7903275607712676
1383,0.7196829030746991,0.7903084559918688
1384,0.7195856101577577,0.7902527888449726
1385,0.7195231437754356,0.7902198600687524
1386,0.719482489119327,0.7901935747535831
1387,0.7194267800307504,0.7901492581754928
1388,0.7193442549930221,0.7900898702257768
1389,0.7192684470161418,0.7900500236546494
1390,0.7192014455593422,0.7900008699591006
1391,0.7190951458074443,0.7898982193470934
1392,0.7190486042246279,0.7898705815442364
1393,0.7189834974511405,0.7898260097260068
1394,0.7189136510294831,0.789767592358479
1395,0.7188793457270023,0.7897425970540066
1396,0.7187722699048884,0.7896683094177139
1397,0.7187295590380017,0.7896399135825038
1398,0.7186302768801325,0.7895647731884252
1399,0.7185569259377694,0.7895284507257487
1400,0.7184814159087403,0.7894827197955985
1401,0.7183963097002244,0.7894170340965155
1402,0.7183300644755379,0.7893606078152323
1403,0.7182359337139542,0.7892828170774463
1404,0.7181898866049398,0.7892564665792848
1405,0.7181022918217,0.7892023930209099
1406,0.7180471411368737,0.7891642465952826
1407,0.7179882653148641,0.7891160813426472
1408,0.7179245981420977,0.7890813301113278
1409,0.717845538195091,0.7890156451816048
1410,0.7177992792928517,0.7889929337199391
1411,0.717728948053397,0.788935224572654
1412,0.7176337024692497,0.7888539608058109
1413,0.717545558330874,0.7888014790355153
1414,0.7174274412331141,0.788708043418392
1415,0.7173592613586048,0.7886605337271837
1416,0.7173063997438943,0.7886219644802287
1417,0.7172767606046778,0.7886054386062387
1418,0.7172286904723421,0.7885811111874669
1419,0.7171603534230571,0.7885435569523843
1420,0.7170980543020272,0.788502430241311
1421,0.7169916669771955,0.7884392968256466
1422,0.7169145901644177,0.7883898427706196
1423,0.71683710725266,0.7883382712537294
1424,0.7167862228036033,0.7883039148420433
1425,0.7167247985522952,0.7882590013445757
1426,0.7166755988654198,0.7882237209948727
1427,0.7166170744590301,0.7881746859742504
1428,0.716551191733076,0.7881316987191546
1429,0.7165082284584358,0.7881006331658967
1430,0.7164419331372153,0.7880526949859714
1431,0.7163930621922151,0.7880272881825283
1432,0.7163320239171045,0.7879817236386235
1433,0.716232792356939,0.7879075645196134
1434,0.7161691009174064,0.787871515636326
1435,0.7160938599711699,0.7878144257287629
1436,0.7160217435931855,0.787770318361486
1437,0.7159423934588831,0.7876926181078923
1438,0.715909833867201,0.7876782588066378
1439,0.7158267321002741,0.7876246628595901
1440,0.7157522478238671,0.787574788379292
1441,0.7156623138181991,0.7875096997455037
1442,0.7155816139349389,0.7874568545510904
1443,0.715527461354905,0.7874177220564469
1444,0.7154363349204732,0.7873367043239903
1445,0.7153606122596925,0.7872834453923817
1446,0.7152860882371164,0.7872492676745347
1447,0.7151979509769404,0.7872037476295677
1448,0.7151233484618312,0.7871497299458367
1449,0.7150517152570282,0.7871008084299935
1450,0.7149923626899277,0.7870604516559757
1451,0.7149458340372353,0.7870352589182777
1452,0.7148787435845568,0.7869918918302977
1453,0.7148141532675605,0.7869453004952058
1454,0.714769094548437,0.7869130180707927
1455,0.7146835727585912,0.7868558096812507
1456,0.7146560442276911,0.7868423958375159
1457,0.7145957639268973,0.786787300207088
1458,0.714549649636865,0.7867515558431603
1459,0.7144987538346846,0.7867173245931361
1460,0.7144370940751789,0.7866642092852854
1461,0.7143463489796645,0.7866060804201531
1462,0.7142782186633523,0.7865751593793898
1463,0.714233446487982,0.7865469242993727
1464,0.7141635082410391,0.786507420171791
1465,0.7141137971193118,0.786474892720274
1466,0.7140608214513426,0.7864477980936015
1467,0.7139954487316091,0.7863925270855633
1468,0.7139246346635172,0.7863607606791297
1469,0.7138681971446358,0.7863309070835491
1470,0.7138109186089447,0.7862913870399567
1471,0.7137032292445679,0.7862124064067499
1472,0.7136095138674493,0.7861465997441326
1473,0.7135124166895562,0.786085327332227
1474,0.7134533167475942,0.7860492736503139
1475,0.7133755215646783,0.785996954844511
1476,0.7133096026446878,0.7859574242634444
1477,0.7132560541674267,0.7859145349258712
1478,0.7131833226746296,0.7858649084161108
1479,0.713072772108414,0.7857735049154881
1480,0.7129872762998568,0.7857041635313917
1481,0.7129025881787602,0.7856459359872782
1482,0.712861750723677,0.7856101293978432
1483,0.7128009940885857,0.7855660546458113
1484,0.7127459464430488,0.7855433228691862
1485,0.7126532952136805,0.7854834662256436
1486,0.7125748267918532,0.7854353139392093
1487,0.7124949909120839,0.7853979114382941
1488,0.7124003503805499,0.7853283067705756
1489,0.7123342275873404,0.7852673233694107
1490,0.7122672499179378,0.7852135626392992
1491,0.7121948589622517,0.7851729157759929
1492,0.7120756468728959,0.7850877706221554
1493,0.7119943623620081,0.7850413664181006
1494,0.711922719874943,0.7849828777039234
1495,0.711866718175619,0.7849378582793505
1496,0.7117578112615303,0.7848679027229014
1497,0.7116683522144374,0.7848023260920891
1498,0.7115874901679339,0.7847555794127477
1499,0.7115258501957501,0.7847065613402925
1500,0.7114511922955167,0.7846509060410565
1501,0.7113597826140461,0.7845858922064806
1502,0.7112923512609354,0.7845429442739908
1503,0.711224567234537,0.7844889485249026
1504,0.7111519809254901,0.7844287600153017
1505,0.7110615990081671,0.7843669782012378
1506,0.7109955649898423,0.7843161578583286
1507,0.7109418646156674,0.7842766690167275
1508,0.7108851881761685,0.7842268336965665
1509,0.7108100520097831,0.7841514119741985
1510,0.7107339520315042,0.7840929349453176
1511,0.7106604077568589,0.7840293720516998
1512,0.7106030389638361,0.783998373398825
1513,0.7105275917572867,0.7839471732353301
1514,0.7104385694026208,0.7838905064875864
1515,0.7103709578525749,0.7838309437030823
1516,0.7102988037438235,0.7837822716782039
1517,0.7102583094885672,0.7837472797210235
1518,0.7101879236204969,0.7836899531085019
1519,0.7101259016517123,0.7836654405192274
1520,0.7100672120272312,0.7836331816457979
1521,0.70999333517607,0.783589935443087
1522,0.7099060568362553,0.7835191681295927
1523,0.7098532786179842,0.7834886500495634
1524,0.7097831303139985,0.7834390171893703
1525,0.7097345408749468,0.7834004787294012
1526,0.7096650919520496,0.7833346476642097
1527,0.7095803525553354,0.7832783558052864
1528,0.7095119723893111,0.7832347091734
1529,0.7094574561904482,0.7831864655464001
1530,0.7093818029566018,0.7831554932296443
1531,0.7093115291352265,0.783112479145558
1532,0.7092190346720595,0.7830473813995938
1533,0.7091506442659882,0.7830208923698501
1534,0.7090506488242544,0.7829385190558212
1535,0.708985318356962,0.7829026333617366
1536,0.7089297301143143,0.7828707357297808
1537,0.7088392631618198,0.7828169531182981
1538,0.7087795011831246,0.7827832741224157
1539,0.7086844458551007,0.7827297288298296
1540,0.7085996990341122,0.782672691948231
1541,0.708550105850911,0.7826589696530847
1542,0.7084762698868603,0.7825885820024866
1543,0.7084017479575873,0.7825349093037495
1544,0.7083484668703359,0.78249724020859
1545,0.7082620288732755,0.782431009206209
1546,0.7082003861495537,0.7823893860168399
1547,0.7081628106886827,0.782358963724803
1548,0.7080735018321759,0.7822940683700677
1549,0.7079718178064351,0.7822047222654988
1550,0.7078978133652649,0.7821550283004687
1551,0.7078363153607883,0.7821232356568769
1552,0.7077377014548822,0.7820629949191887
1553,0.7076816336257551,0.7820292780228087
1554,0.7076331132550299,0.7819989891483837
1555,0.7075434083996552,0.7819390898590027
1556,0.7074722725797731,0.781884023564356
1557,0.7074190538258299,0.7818419524269352
1558,0.7073599288925009,0.7818049086916188
1559,0.707292461131345,0.7817688088199823
1560,0.7072565326678838,0.7817487928806824
1561,0.7071980954973356,0.7817033618791652
1562,0.7071045285285275,0.7816421903298251
1563,0.7070686229979911,0.7816166137435965
1564,0.7069964752298615,0.7815700243871454
1565,0.7069562513610069,0.7815392208993823
1566,0.7068931428556482,0.7814924370042038
1567,0.7068586206674186,0.7814649540703007
1568,0.7068085334829697,0.7814367943969676
1569,0.7067355047006452,0.781383629064862
1570,0.7066671837459548,0.7813485991895871
1571,0.7066192140002414,0.7813235130921723
1572,0.7065262242000497,0.7812529506643715
1573,0.7064790087284298,0.7812252029257859
1574,0.7064231966997327,0.781188437347727
1575,0.7063812162206244,0.7811688274921712
1576,0.7062965746192073,0.7811240056660684
1577,0.70620755126674,0.7810629890565964
1578,0.7061563308589474,0.7810297917244512
1579,0.7060349017723788,0.780955491218314
1580,0.7059603107379263,0.7809040237032627
1581,0.7059115216769482,0.780883516158869
1582,0.7058345627468265,0.7808440023224177
1583,0.7057408174049854,0.7807792784370567
1584,0.7056377199709795,0.7806977982267032
1585,0.7055916750790396,0.7806743208678406
1586,0.7055120392396259,0.7806316235860818
1587,0.7054602622473461,0.7805998851300918
1588,0.7053795679115631,0.7805428749785789
1589,0.705310253859029,0.7804971730115532
1590,0.7052535122436939,0.7804594372755109
1591,0.7051368966623804,0.7803821357624132
1592,0.7050729844152721,0.7803416605369203
1593,0.7050036400926971,0.780286112750127
1594,0.7049245740033611,0.7802439063099134
1595,0.7048491541993843,0.7801978886803072
1596,0.704757741244495,0.7801367910556483
1597,0.7046950136563165,0.7800885238609875
1598,0.7046401608846148,0.7800470799094692
1599,0.7045916865667075,0.7800157169313109
1600,0.7044766290941761,0.7799351833124059
1601,0.7044364012713629,0.7799069806255478
1602,0.7043713143619043,0.7798628081505822
1603,0.7043088112682352,0.779832084869941
1604,0.70425173657759,0.7797905702760721
1605,0.7041692984809554,0.7797436939943625
1606,0.7040809865904771,0.779678927298937
1607,0.7040124845369888,0.7796423862853205
1608,0.7039504563271427,0.7795931576576377
1609,0.7038800612790449,0.7795399841901729
1610,0.7037917241388028,0.7794844458664005
1611,0.7037054470768237,0.7794195603827639
1612,0.7036350289066787,0.7793686994621284
1613,0.7035661853540512,0.7793150367990963
1614,0.7035265304782526,0.7792871226723186
1615,0.7035053965804098,0.7792631500306589
1616,0.703437989266407,0.7792239020717856
1617,0.7033696952087627,0.7791796723102683
1618,0.7032774429410646,0.7791122404066847
1619,0.7032107037223287,0.7790761145340029
1620,0.7031089735158086,0.7790138271784192
1621,0.7030222813959183,0.7789480777645921
1622,0.7029568792143067,0.7788998042102355
1623,0.7029032637211824,0.778849291827422
1624,0.7028556507691841,0.7788059345499355
1625,0.7028025545873133,0.778771788952439
1626,0.7027340862708963,0.7787341693745912
1627,0.7026541758368678,0.7786788278449346
1628,0.7026134434648602,0.778658138068543
1629,0.7025392116242685,0.7786153498777764
1630,0.7024712687694675,0.7785740920878244
1631,0.7023812398642059,0.7785091224635743
1632,0.7023293935504811,0.7784832014997383
1633,0.7022673165865735,0.7784456541104143
1634,0.7022011915011939,0.7783935101426551
1635,0.702123904274348,0.7783278436814254
1636,0.7020246856966906,0.7782529050389281
1637,0.7019605462334633,0.778214135346046
1638,0.7018991095838157,0.7781801361537591
1639,0.7018247280482325,0.7781301261472452
1640,0.7017225104333955,0.7780582316030012
1641,0.7016570599159287,0.778009964160956
1642,0.7015824794658112,0.777965306138394
1643,0.7015327859615902,0.7779337727382107
1644,0.701450554409915,0.777871611093078
1645,0.7013946893342493,0.7778183244437282
1646,0.7013183718051577,0.7777616306570705
1647,0.7012500060305027,0.7777153301011203
1648,0.7011958592140886,0.7776802510284138
1649,0.7011180923561943,0.7776154026749843
1650,0.7010564591552939,0.7775844867244274
1651,0.7009733572446749,0.7775302577163518
1652,0.7009088940260564,0.777489139570692
1653,0.7008460085948991,0.7774574833954531
1654,0.7007763672166392,0.7774034421825602
1655,0.7007006904194952,0.7773423949869729
1656,0.7006202584906625,0.7772774784414426
1657,0.7005337929437666,0.7772156449445404
1658,0.7004619305431549,0.7771752072380379
1659,0.7003936322647887,0.7771311171995446
1660,0.7003477773683807,0.7771019062952386
1661,0.7002733102392089,0.7770570743966125
1662,0.7002103948975774,0.7769981458716124
1663,0.7001379017678562,0.7769513760763256
1664,0.7000774131980747,0.7769047789014057
1665,0.7000008316225448,0.7768486440361703
1666,0.6999333701639056,0.7768058429197184
1667,0.6998795643912753,0.7767590120420719
1668,0.6998248431147415,0.7767175995937037
1669,0.6997539635209968,0.7766742705500922
1670,0.6996855417111665,0.7766266610968755
1671,0.699622397315571,0.7765890608095829
1672,0.6995415451007038,0.7765250478111839
1673,0.6995104049497533,0.7765009475261877
1674,0.6994286403590645,0.7764596235763795
1675,0.699356007399683,0.7764231667726715
1676,0.6992623941754064,0.7763472763441205
1677,0.6992049767673869,0.7762955217918892
1678,0.6991393702460929,0.7762435740181788
1679,0.6990761712496749,0.7761971209997598
1680,0.6989989897375392,0.7761556398370477
1681,0.6989357716357559,0.7761233958865846
1682,0.6988781642984482,0.7760812810128911
1683,0.6987820822912538,0.776011225311016
1684,0.6987235576936321,0.775980911886991
1685,0.6986538203405066,0.7759321901283556
1686,0.6985951945936614,0.7758851262465839
1687,0.6985096245665263,0.7758218174030926
1688,0.6984613720793105,0.7757831779456422
1689,0.6983893334249421,0.7757392501691495
1690,0.6983398396403587,0.7757068800939638
1691,0.698277055551302,0.7756740969908495
1692,0.6982123986245999,0.7756338208439819
1693,0.6981425293171729,0.7755835259202319
1694,0.6980764400766022,0.7755346629285619
1695,0.6980122098198671,0.7754930911282234
1696,0.6979542699993853,0.7754515944874137
1697,0.6978859606333703,0.7754193698071006
1698,0.6978313202323971,0.7753766217468416
1699,0.6977885945704857,0.7753440589679184
1700,0.6977207616252219,0.77530359856541
1701,0.697676153315524,0.7752838190364998
1702,0.6976356794466674,0.7752546930416353
1703,0.6975881202772451,0.7752288014419917
1704,0.697540402467726,0.7751838922989643
1705,0.6974671618399776,0.7751214907672328
1706,0.6974211823339515,0.775094439810977
1707,0.697366080524995,0.7750692912319515
1708,0.697306218453703,0.7750301519156891
1709,0.6972362149513769,0.7749879101087801
1710,0.6971775567078043,0.7749456257286339
1711,0.6971319804581759,0.7749140573755027
1712,0.6970415548832241,0.7748468476196241
1713,0.6969665828296223,0.774805984529639
1714,0.6969197403288073,0.7747778803859395
1715,0.6968561953578997,0.7747455722668273
1716,0.6968029528824181,0.7747253560515196
1717,0.6967262105446248,0.7746624544063276
1718,0.6966777294923292,0.7746275261602108
1719,0.6966086197551964,0.7745781126896034
1720,0.6965708299736257,0.7745547635141751
1721,0.6964776188647113,0.7744768068038709
1722,0.6963836651207373,0.774409525687278
1723,0.6963037402998121,0.7743506219606507
1724,0.6962320090785467,0.7743036290209241
1725,0.6961664821197593,0.774255677130393
1726,0.6961164771564722,0.7742160694038696
1727,0.696084118948092,0.7741928266371728
1728,0.6959948340848168,0.7741204914913858
1729,0.6959468268208926,0.7740847735445151
1730,0.6958705085257946,0.7740303598049092
1731,0.6958169451842063,0.7740005487059247
1732,0.6957473795163117,0.7739558474558762
1733,0.695677184228988,0.7739069548057019
1734,0.6956117263211005,0.7738676462495728
1735,0.6955587505963571,0.773824231589361
1736,0.6954777991017851,0.7737690289723794
1737,0.6954320348769403,0.7737397916533416
1738,0.6953461450917007,0.7737005998544924
1739,0.6952656447898786,0.7736374272323664
1740,0.6951747945425575,0.7735718854312257
1741,0.695096076103179,0.7735326857112833
1742,0.6950184402595597,0.7734778462395422
1743,0.6949682765244463,0.7734503309195547
1744,0.6948964710253894,0.7734044624002546
1745,0.6948411801147654,0.7733540744258693
1746,0.6947799750214121,0.7733083490602602
1747,0.6947321742371872,0.7732784199308476
1748,0.6946875269180667,0.7732469847000418
1749,0.6945962984852986,0.7731953987988301
1750,0.6945214276411413,0.7731271479777744
1751,0.694492446238219,0.773105096607938
1752,0.6944351040237489,0.77305784156997
1753,0.6943491820036006,0.7729903566092812
1754,0.694312720814481,0.7729739932892842
1755,0.6942813769231454,0.7729584030837747
1756,0.694228339662518,0.7729292899519694
1757,0.6941524654051743,0.7728615033592078
1758,0.6940813259868405,0.7728149909285824
1759,0.6940038801764624,0.7727607752871805
1760,0.6939470869255328,0.7727198972559088
1761,0.6938499261754583,0.7726632322803014
1762,0.6938184267004548,0.772645212680035
1763,0.6937501816163776,0.7725885629534286
1764,0.6937046418919823,0.7725593960677396
1765,0.6936291046573871,0.7725130775581611
1766,0.6935700185112028,0.7724719542923353
1767,0.6935156711341017,0.7724347806749837
1768,0.693461704061236,0.7723972084004028
1769,0.6933810740691598,0.7723674287979605
1770,0.6933113202611709,0.7723119785420144
1771,0.6932636946347356,0.7722755133919451
1772,0.6932204841763706,0.7722407509719464
1773,0.6931529739907056,0.7721888976409983
1774,0.6931085058003582,0.772155603738559
1775,0.6930576605480021,0.77211166028373
1776,0.6930233550714776,0.77208500625599
1777,0.6929598311307911,0.7720381009610402
1778,0.6928919439805221,0.7719975136664108
1779,0.6928167744750577,0.7719421397804365
1780,0.6927557596913662,0.7719082091579733
1781,0.692689823687114,0.7718582347789636
1782,0.6926446564964714,0.771834602391741
1783,0.6926076801796394,0.7718246280138865
1784,0.6925373163401146,0.7717704198539365
1785,0.6924917727667402,0.7717416565214941
1786,0.692437461296518,0.7717063571617035
1787,0.6924037883046394,0.7716858141217237
1788,0.6923358103051792,0.7716379118610297
1789,0.6922804269966123,0.7715837830596503
1790,0.6922500679610403,0.7715643510622484
1791,0.6922037685141859,0.7715384122562499
1792,0.6921685351773823,0.7715170595108101
1793,0.6921273117988154,0.7714944072636923
1794,0.6920696052751037,0.7714597646396542
1795,0.6920282241837552,0.771433166280507
1796,0.691925813491738,0.7713533769327889
1797,0.6918216725134801,0.7712823476738794
1798,0.6917415374769026,0.7712387516105365
1799,0.6916895870271134,0.7712069660240628
1800,0.6916391976149524,0.7711873357785165
1801,0.6915977683353498,0.7711635645589658
1802,0.6915183471542067,0.7711059219663373
1803,0.6914656777343027,0.7710755233597142
1804,0.691390981548197,0.771016212341611
1805,0.6913331835080528,0.7709726372031641
1806,0.6912872808064044,0.7709280033060032
1807,0.6912233862800805,0.7708732971986325
1808,0.6911338358085225,0.7707982741319627
1809,0.6910818379931253,0.7707699547259623
1810,0.6910322194926017,0.770740993360629
1811,0.6909986353322545,0.7707218036435652
1812,0.6909217320565783,0.7706799749780016
1813,0.6908741218835022,0.7706567590225515
1814,0.6908343031338817,0.770635089476365
1815,0.6907431410782969,0.770580454022253
1816,0.6906562294669553,0.7705144234007401
1817,0.6905660029849264,0.7704484148271302
1818,0.690510161311589,0.7704091727243018
1819,0.690437254021475,0.7703659140519405
1820,0.690348237173012,0.7702966456353191
1821,0.6902945650667519,0.7702730773254132
1822,0.6902217941393278,0.7702268022854066
1823,0.6901791976694474,0.770206956080154
1824,0.6900900459586163,0.7701525578567316
1825,0.6900218640887259,0.7701140515152913
1826,0.6899498909601475,0.7700531503718092
1827,0.6899090149888069,0.7700298509992778
1828,0.6898285546518518,0.7699875501998659
1829,0.6897692280634492,0.7699388763257948
1830,0.6896979099116797,0.769878596107996
1831,0.6896454381720138,0.7698326593829748
1832,0.6895856523550445,0.7697954023171207
1833,0.6895151144492232,0.7697454095432412
1834,0.6894359486690087,0.7696744589806789
1835,0.6893838607740429,0.7696484645111642
1836,0.6893438060746555,0.76961449068295
1837,0.6892538401330293,0.7695334877720644
1838,0.6891739196113522,0.7694581064996526
1839,0.6891132005004198,0.7694302407637482
1840,0.6890828253652992,0.7694100735808926
1841,0.6890293027662844,0.769371691372086
1842,0.6889499573378756,0.769321172588803
1843,0.6888540344261994,0.7692484541368027
1844,0.6888098640795188,0.7692361519372979
1845,0.6887475669493492,0.7691827783895918
1846,0.6886726772237345,0.7691421388210566
1847,0.6885896821567483,0.7690857739870713
1848,0.6885369801157609,0.7690635247182258
1849,0.6884777043008756,0.7690256899186826
1850,0.6884366018533751,0.7689994040473256
1851,0.6883599520687348,0.7689423514767945
1852,0.6882591577199181,0.7688701991342877
1853,0.6882240937143804,0.7688470911761893
1854,0.6881844544687188,0.7688157407506758
1855,0.6881365924399991,0.7687895814928011
1856,0.6880731106382703,0.7687446207774412
1857,0.6880093254966938,0.7687011124923951
1858,0.6879559357833385,0.7686759429281231
1859,0.687890359417577,0.7686177389486999
1860,0.6878186742354125,0.7685639852114611
1861,0.6877469340971484,0.7685066303499348
1862,0.6876777860763924,0.7684587491025396
1863,0.6875652048295142,0.7683820715385598
1864,0.6875190983776687,0.7683629346370326
1865,0.6874658593922549,0.7683219914724801
1866,0.6874303492897842,0.7682931573676226
1867,0.6873922272346573,0.7682696063082369
1868,0.6873416460878904,0.7682356272756964
1869,0.6872917526306004,0.7681963944064782
1870,0.6872374928369066,0.7681681946623184
1871,0.6872001754043138,0.7681493645439602
1872,0.6871142951493318,0.7680802382319488
1873,0.6870556073674221,0.7680353767047368
1874,0.686990897848189,0.7679793711986598
1875,0.686905178176123,0.7679164219631346
1876,0.6868277836261506,0.7678740832088843
1877,0.6867500051892729,0.7678018021842368
1878,0.6866729588966476,0.7677422813909314
1879,0.6865953379813011,0.7676644046376285
1880,0.6865289993077742,0.7676115904032539
1881,0.6864639880148387,0.7675768781494221
1882,0.6864090661475158,0.7675308212256392
1883,0.6863610265422114,0.7674886766627178
1884,0.6862743622354015,0.7674167278323227
1885,0.6862108509900013,0.7673903078833018
1886,0.6861577965813517,0.7673586554608481
1887,0.6860951670366676,0.7673273451151467
1888,0.6860511468770384,0.7673025729754146
1889,0.6860030903288288,0.7672764895638758
1890,0.6859394777060804,0.7672224170309379
1891,0.6858977439917839,0.7671902893306827
1892,0.6858555507964923,0.7671524772806105
1893,0.6857953878640293,0.7671092217306078
1894,0.6857144498855369,0.7670511282441054
1895,0.6856248836594241,0.7669928823798411
1896,0.6855390458472214,0.7669437010564552
1897,0.6854918813317893,0.7669001823711575
1898,0.6854083112113966,0.7668521250207102
1899,0.6853680877788763,0.7668300408324072
1900,0.6853115830578305,0.7667917868766234
1901,0.6852709786622857,0.7667522673468659
1902,0.685185151229279,0.7666887125782382
1903,0.6851169478504417,0.7666456665242493
1904,0.6850451936765876,0.7666054323151436
1905,0.6850071328245034,0.7665818764727657
1906,0.6849645014825939,0.7665588248921031
1907,0.6849034984403726,0.7665303927797731
1908,0.6848607214536269,0.7665058964082295
1909,0.6848220106733425,0.7664689503337948
1910,0.6847561080387712,0.7664235239461586
1911,0.6846796565422565,0.7663631131003162
1912,0.6846134561776942,0.7663150948259484
1913,0.6845468259123644,0.7662759387664245
1914,0.6845094390714136,0.7662484797032407
1915,0.6844455184271061,0.7662050136699962
1916,0.6844114524704885,0.7661813896292673
1917,0.6843508563756505,0.766157575440687
1918,0.6842855195071167,0.7661174409535663
1919,0.6842414243302349,0.7660914327236504
1920,0.684195397289715,0.7660618794775367
1921,0.684169112977731,0.7660537791451216
1922,0.6841176860473931,0.7660118728320917
1923,0.6840647375569977,0.7659744059706567
1924,0.6839830706539965,0.7659133618184002
1925,0.6839340841520262,0.7658868283613032
1926,0.683886141298654,0.7658593189249981
1927,0.683847380078533,0.7658295139855659
1928,0.6837944282597554,0.7658029356732173
1929,0.6837385946304851,0.7657663288832477
1930,0.6836839564009715,0.7657288302666357
1931,0.6835967085852855,0.7656628073468436
1932,0.6835582969273274,0.7656243276472895
1933,0.6835158082740854,0.7656060218268838
1934,0.6834627841431746,0.7655542852180153
1935,0.6833846415209036,0.7655083306270923
1936,0.6833200300053246,0.765461764718202
1937,0.6832524586702905,0.7654160080160463
1938,0.6832039564093092,0.7653953350009896
1939,0.6831634956205461,0.7653648094990361
1940,0.683116285205655,0.7653243302225348
1941,0.6830740409098367,0.7652991480399332
1942,0.6830243112754789,0.7652707854905122
1943,0.6829449589545721,0.7652233320058155
1944,0.6829181447148495,0.7652042067519188
1945,0.682870485936222,0.7651741032526183
1946,0.6828277777618411,0.7651428666505866
1947,0.6827740291998129,0.7650991256078055
1948,0.6827110531968645,0.7650539449594166
1949,0.6826432985301747,0.7650088017298367
1950,0.682580674353401,0.7649682210617662
1951,0.6825010005810999,0.7649182777335687
1952,0.6824474308756597,0.7648861239431437
1953,0.6824057721704324,0.7648593734321237
1954,0.6823577555041258,0.7648206788842242
1955,0.6823222416484656,0.7648051879542168
1956,0.6822778227252697,0.7647753995655284
1957,0.6822378382446517,0.7647640344752918
1958,0.6822006793278067,0.7647388711619144
1959,0.6821755488517961,0.7647301215268494
1960,0.6821218351531414,0.7647042987740336
1961,0.6820472039739504,0.764654880547278
1962,0.6819943387058977,0.7646200948017032
1963,0.6819299870741318,0.7645683322595265
1964,0.6818964732075101,0.7645367951051136
1965,0.6818472352162086,0.7645013705157779
1966,0.6818102007093961,0.7644752054503046
1967,0.6817777458883622,0.7644512979544027
1968,0.6817249695163311,0.7644047072636114
1969,0.6816823138779771,0.7643663628025787
1970,0.681611456503039,0.7643266604192711
1971,0.6815626060771435,0.7643058560133912
1972,0.6814922350955144,0.7642827173248317
1973,0.6814397357965641,0.7642420199392039
1974,0.6813947169825082,0.7642162761349821
1975,0.6813313536493472,0.764173590187989
1976,0.681278143110949,0.7641429542281543
1977,0.681208597591037,0.7640858720189292
1978,0.6811140682247121,0.764007667869008
1979,0.681072999559163,0.7639741148907452
1980,0.6810376846986322,0.7639494748409961
1981,0.6809793925449315,0.7639160206469074
1982,0.6809017153994456,0.7638686358147491
1983,0.6808325273742575,0.763812642839552
1984,0.6807817234558883,0.7637724951223349
1985,0.6807498476467458,0.7637515533368523
1986,0.6807153508116366,0.7637320514026114
1987,0.6806588760659891,0.7637098158361556
1988,0.6806076152924821,0.7636664953394663
1989,0.6805486039672776,0.7636230065373705
1990,0.6805034892957071,0.7635951959564813
1991,0.680442883041043,0.7635576068344375
1992,0.6804056922195503,0.7635376440559387
1993,0.6803669334056635,0.7635159583566442
1994,0.6802920634776315,0.7634627602400746
1995,0.6802334518315862,0.7634128056696963
1996,0.6801547177760604,0.7633387615299976
1997,0.6800808656033196,0.7632650497537271
1998,0.6800453493087323,0.7632411694638696
1999,0.68001942236382,0.7632282446531689
