name,id,lat,lon,elev,timezone_lst,network
3 WNW WOFFORD HEIGHTS,WFHC1,35.7217,-118.4989,1220,Etc/GMT+8,hads
A.G.WISHON PH,AGWC1,37.1511,-119.505,318,Etc/GMT+8,hads
Alcalde,LDEC1,36.18333,-120.49861,838.17316,Etc/GMT+8,hads
ALPHA - FORNI RIDGE,AFRC1,38.8039,-120.2158,2319,Etc/GMT+8,hads
ALTAMONT,AATC1,37.6931,-121.6094,442,Etc/GMT+8,hads
Amsterdam Road - Merced River,MAJC1,37.46806,-120.54167,55.419376,Etc/GMT+8,hads
Argonaut Dam,ANUC1,38.35361,-120.79028,462.64612,Etc/GMT+8,hads
ARROYO SECO RAWS,ASRC1,36.23,-121.4917,446,Etc/GMT+8,hads
ASH MOUNTAIN RAWS,TSHC1,36.4917,-118.8261,521,Etc/GMT+8,hads
ATWELL CAMP,ATWC1,36.4639,-118.6311,2367,Etc/GMT+8,hads
AUBURN DAM RIDGE,ADRC1,38.8819,-121.045,354,Etc/GMT+8,hads
BALCH POWER HOUSE,DNPC1,36.9092,-119.0883,566,Etc/GMT+8,hads
BALD MOUNTAIN,BDMC1,38.9,-120.7,1349,Etc/GMT+8,hads
BALD MTN,BMOC1,37.0669,-119.4,1303,Etc/GMT+8,hads
BANGOR RAWS,BNGC1,39.3983,-121.4,286,Etc/GMT+8,hads
BATTERSON RAWS,BSNC1,37.3781,-119.6183,940,Etc/GMT+8,hads
BEACH MEADOWS,BCHC1,36.1269,-118.2931,2385,Etc/GMT+8,hads
Bear Peak,BPKC1,35.8882,-118.08942,2452.785,Etc/GMT+8,hads
BEAR RIVER - ROLLINS RSVR,ROLC1,39.1331,-120.9531,635,Etc/GMT+8,hads
BEARTRAP MEADOW,BTKC1,36.6764,-118.8589,2076,Etc/GMT+8,hads
BEAVER CAMP RAWS,COKC1,38.4883,-120.325,1547,Etc/GMT+8,hads
Ben Bolt,BENC1,38.59084,-120.93362,262.00888,Etc/GMT+8,hads
Benton - Dexter RAWS,DEXC1,37.8389,-118.772,2431.163,Etc/GMT+8,hads
BENTON RAWS @ BENTON,BETC1,37.8433,-118.4778,1672,Etc/GMT+8,hads
BIG MEADOWS,BIMC1,36.7167,-118.85,2341,Etc/GMT+8,hads
BIG PINE CREEK,BGPC1,37.1333,-118.4833,3282,Etc/GMT+8,hads
BIG PINE MEADOW,BPMC1,35.9411,-118.0625,2277,Etc/GMT+8,hads
Bishop - OVD No1,OVDC1,37.3844,-118.3939,1263.7714,Etc/GMT+8,hads
BISHOP PASS,BSHC1,37.1,-118.55,3475,Etc/GMT+8,hads
BLACKCAP BASIN GOES,BCBC1,37.0667,-118.7667,3143,Etc/GMT+8,hads
BLACK MOUNTAIN,HDZC1,36.3831,-120.8539,1117,Etc/GMT+8,hads
Black Rascal Diversion,BLQC1,37.33278,-120.39444,61.13341,Etc/GMT+8,hads
BLACKROCK,BKRC1,36.0931,-118.2614,2465,Etc/GMT+8,hads
BLACK SPRINGS,BLSC1,38.375,-120.1919,1996,Etc/GMT+8,hads
Blairsden - Denton Creek,MWKC1,39.7795,-120.5944,1556.8488,Etc/GMT+8,hads
BLOODS CREEK,BLCC1,38.45,-120.035,2207,Etc/GMT+8,hads
BLUE CANYON ETI,BCYC1,39.2831,-120.7,1631,Etc/GMT+8,hads
Blue Max,BMXC1,35.70972,-117.97194,1613.7645,Etc/GMT+8,hads
BOB RABBIT ALERT #1850,ABRC1,35.5675,-118.2883,1197,Etc/GMT+8,hads
BOWMAN LAKE,BOWC1,39.4481,-120.6536,1686,Etc/GMT+8,hads
BRADLEY RAWS,RBYC1,35.8642,-120.7997,168,Etc/GMT+8,hads
Briceburg - Merced River,MBGC1,37.60472,-119.96778,361.95337,Etc/GMT+8,hads
BRIDGEPORT RAWS,BPOC1,38.2719,-119.2892,2023,Etc/GMT+8,hads
BUCK MEADOWS RAWS,BMEC1,37.8233,-120.0983,977,Etc/GMT+8,hads
BUCKS CREEK PH - PGE,BUPC1,39.91,-121.3167,828,Etc/GMT+8,hads
Bullards Bar,WXBC1,39.39611,-121.14389,604.9709,Etc/GMT+8,hads
Bunning Ranch,BUNC1,37.3667,-119.8833,472,Etc/GMT+8,hads
CALAVERAS  BIG TREES,ARNC1,38.2769,-120.3113,1451,Etc/GMT+8,hads
CALAVERAS RANGER STN,CVSC1,38.1981,-120.3669,1037,Etc/GMT+8,hads
CAMP FAR WEST DAM (BEAR RIVER),CFWC1,39.0503,-121.3147,96,Etc/GMT+8,hads
Camp Mather,WXMC1,37.87806,-119.85944,1404.0258,Etc/GMT+8,hads
CAPLES LAKE (GOES),CPLC1,38.71,-120.0419,2451,Etc/GMT+8,hads
Carman Saddle,QCSC1,39.74694,-120.49556,1877,Etc/GMT+8,hads
CASA VIEJA MEADOWS,CVMC1,36.2,-118.2667,2558,Etc/GMT+8,hads
CASE MOUNTAIN RAWS,CSWC1,36.4108,-118.8092,1944,Etc/GMT+8,hads
CATHEYS VALLEY RAWS,CVBC1,37.4681,-120.1106,376,Etc/GMT+8,hads
CEDAR GROVE RAWS,CGVC1,36.7878,-118.6561,1453,Etc/GMT+8,hads
CHAGOOPA PLATEAU,CHPC1,36.4667,-118.4667,2628,Etc/GMT+8,hads
CHARLOTTE LAKE,CRLC1,36.7969,-118.4219,3613,Etc/GMT+8,hads
CHILKOOT MEADOW,CHMC1,37.4081,-119.49,2228,Etc/GMT+8,hads
Chimney Peaks Fire,XCPC1,35.86889,-118.01194,1935,Etc/GMT+8,hads
Cold Springs 12SE - Cherry Creek,ACVC1,38.03139,-119.90139,1456.8478,Etc/GMT+8,hads
COLGATE POWER HOUSE,COGC1,39.3308,-121.19,213,Etc/GMT+8,hads
Cordoza Ridge RAWS,CZRC1,37.16833,-121.52833,717,Etc/GMT+8,hads
COTTONWOOD LAKES,CWDC1,36.4833,-118.1767,3120,Etc/GMT+8,hads
COYOTE-THOMPSON VALLEY,CYVC1,39.9878,-120.4767,1697,Etc/GMT+8,hads
CRABTREE MEADOW,CBTC1,36.5633,-118.345,3309,Etc/GMT+8,hads
Crabtree Weather Station,CBWC1,37.7256,-120.6006,68,Etc/GMT+8,hads
CRANE FLAT LOOKOUT,CNFC1,37.7594,-119.8206,2019,Etc/GMT+8,hads
CRANE VALLEY,BASC1,37.2911,-119.5261,1047,Etc/GMT+8,hads
CRESTVIEW FIRE STATION,CRVC1,37.745,-118.9833,2290,Etc/GMT+8,hads
DEADMAN CK - SONORA PASS,DDMC1,38.3319,-119.6531,2847,Etc/GMT+8,hads
DEER CREEK FOREBAY,DKFC1,39.3,-120.825,1269,Etc/GMT+8,hads
DEMOCRAT RAWS,DEMC1,35.5317,-118.6303,725,Etc/GMT+8,hads
DEVILS POST PILE RAWS,DPPC1,37.63,-119.0933,2434,Etc/GMT+8,hads
DIABLO GRANDE,DBLC1,37.3289,-121.2939,569,Etc/GMT+8,hads
Dinkey RAWS,DKYC1,37.07024,-119.15819,1780.9362,Etc/GMT+8,hads
Dogtown - NF Merced River,NMXC1,37.65278,-120.05278,413,Etc/GMT+8,hads
DOG VALLEY RAWS,DOGC1,39.5619,-120.0478,1795,Etc/GMT+8,hads
Dudley Ranch at Coulterville,DUDC1,37.74056,-120.1325,965.1829,Etc/GMT+8,hads
DUNCAN,DUCC1,39.1439,-120.5089,2164,Etc/GMT+8,hads
EAGLE CREEK,EAGC1,35.9836,-118.6447,2017,Etc/GMT+8,hads
EASTMAN LAKE WEATHER STATION,ELWC1,37.2103,-119.9775,180,Etc/GMT+8,hads
ELKHORN SLOUGH,ELXC1,36.82,-121.74,-5,Etc/GMT+8,hads
ELLERY LAKE,ERYC1,37.935,-119.2328,2899,Etc/GMT+8,hads
El Portal,EPWC1,37.6769,-119.7878,671.3234,Etc/GMT+8,hads
El Portal - Merced Lake,MLHC1,37.6508,-119.6825,2025.7404,Etc/GMT+8,hads
El Portal WTP,XODC1,37.66833,-119.8125,520.2444,Etc/GMT+8,hads
ELSTANISLAUS MEADOW (GOES),SLMC1,38.5,-119.9369,2354,Etc/GMT+8,hads
Emigrant Gap - Lake Spaulding,LSPC1,39.3183,-120.6392,1582.4453,Etc/GMT+8,hads
ESPERANZA,ESPC1,38.2431,-120.5144,767,Etc/GMT+8,hads
Eureka Valley RAWS,EVLC1,37.17639,-117.78861,909,Etc/GMT+8,hads
EXCHEQUER DAM,EXQC1,37.585,-120.2672,252,Etc/GMT+8,hads
FANCHER CREEK,FCHC1,36.9003,-119.5,245,Etc/GMT+8,hads
FARMINGTON RESERVOIR,FRGC1,37.915,-120.935,48,Etc/GMT+8,hads
FENCE MEADOW RAWS,FNWC1,36.9614,-119.175,1568,Etc/GMT+8,hads
Fiddle Town,FIDC1,39.02444,-121.65333,13,Etc/GMT+8,hads
Fields Road - Dry Creek,DRFC1,37.57889,-120.38944,101.831505,Etc/GMT+8,hads
FIVE MILE RAWS,FMRC1,35.8717,-117.9183,1183,Etc/GMT+8,hads
Flower Mountain Near Copperopolis 5Sw,FLWC1,37.92,-120.68028,455.8691,Etc/GMT+8,hads
FORBESTOWN - PGE,FBSC1,39.5169,-121.2658,861,Etc/GMT+8,hads
FOREST HILL 2,FSHC1,39.0914,-120.7317,1317,Etc/GMT+8,hads
FORNI RIDGE,FOIC1,38.805,-120.2131,2282,Etc/GMT+8,hads
FOUNTAIN HEAD SPRINGS,FTNC1,35.8922,-118.915,250,Etc/GMT+8,hads
FRIANT DAM,FRIC1,36.995,-119.6919,168,Etc/GMT+8,hads
FROG SPRINGS,AFSC1,35.5083,-118.1889,1259,Etc/GMT+8,hads
Gaylor Pit,GYPC1,37.88167,-119.31222,2806,Etc/GMT+8,hads
GEORGETOWN RANGER STN,GEOC1,38.933,-120.8008,877,Etc/GMT+8,hads
GIANELLI,GNLC1,38.205,-119.8919,2590,Etc/GMT+8,hads
Gilroy 7NE,GYYC1,37.0718,-121.4788,265,Etc/GMT+8,hads
GIN FLAT RAWS,GFTC1,37.7669,-119.775,2159,Etc/GMT+8,hads
GOAT MTN,GTMC1,37.27,-119.5431,1156,Etc/GMT+8,hads
Granite Springs,GXSC1,38.785,-120.34111,1847,Etc/GMT+8,hads
Graniteville - Bowman Lake,BWKC1,39.4503,-120.6525,1682.6395,Etc/GMT+8,hads
GRASS VALLEY,GSVC1,39.2056,-121.0672,738,Etc/GMT+8,hads
GRAVEYARD MEADOW,GVYC1,37.465,-119.29,2111,Etc/GMT+8,hads
GREEK STORE,GKSC1,39.075,-120.5581,1727,Etc/GMT+8,hads
GREEN MTN,GRMC1,37.555,-119.2381,2409,Etc/GMT+8,hads
GREEN SPRINGS,GNSC1,37.8333,-120.5,341,Etc/GMT+8,hads
GRIZZLY FLAT RAWS,GZFC1,38.6197,-120.5614,1166,Etc/GMT+8,hads
GRIZZLY RIDGE,GRZC1,39.9169,-120.645,2106,Etc/GMT+8,hads
Groveland - Cherry Valley,CEVC1,37.9746,-119.916,1455.901,Etc/GMT+8,hads
Groveland - Hetch Hetchy,HHWC1,37.9613,-119.783,1393.4572,Etc/GMT+8,hads
Groveland - Smith Peak RAWS,SEWC1,37.8005,-120.1008,1159.2256,Etc/GMT+8,hads
GUSTINE 7ESE,GSTC1,37.2361,-120.8825,27,Etc/GMT+8,hads
HASTINGS RAWS,CAHC1,36.3889,-121.5514,598,Etc/GMT+8,hads
HELL HOLE RSVR,HLLC1,39.0667,-120.4167,1527,Etc/GMT+8,hads
HENSLEY LAKE WEATHER STATION,HLWC1,37.115,-119.8939,165,Etc/GMT+8,hads
HIGHLAND MEADOW GOES,HHMC1,38.49,-119.805,2621,Etc/GMT+8,hads
HIGHLANDS PEAK,HPEC1,36.0675,-121.5592,743,Etc/GMT+8,hads
HIGH SIERRA RAWS,HSQC1,37.3147,-119.0392,2245,Etc/GMT+8,hads
HOCKETT MEADOWS,HOKC1,36.3708,-118.6519,2621,Etc/GMT+8,hads
Hodgdon Meadow,HNMC1,37.79639,-119.85861,1395,Etc/GMT+8,hads
HOLLISTER,HSEC1,36.8422,-121.3622,128,Etc/GMT+8,hads
Homewood RAWS,HMDC1,39.0836,-120.1711,2177.9163,Etc/GMT+8,hads
HORSE MEADOWS,HRSC1,38.1581,-119.6619,2649,Etc/GMT+8,hads
HOSSACK MEADOW,HSMC1,36.1811,-118.6206,2183,Etc/GMT+8,hads
HUNTER LIGGETT,FHLC1,36.0117,-121.2411,332,Etc/GMT+8,hads
HUNTER MOUNTAIN RAWS,HTRC1,36.5625,-117.4736,2035,Etc/GMT+8,hads
HUNTINGTON LAKE,HNTC1,37.2275,-119.2206,2156,Etc/GMT+8,hads
HURLEY RAWS,PRHC1,37.0153,-119.5678,376,Etc/GMT+8,hads
HUYSINK,HYSC1,39.2819,-120.5269,2074,Etc/GMT+8,hads
INDIAN WELLS CANYON,IWLC1,35.685,-117.8892,1146,Etc/GMT+8,hads
Intake - EF Kaweah River,EKIC1,36.45167,-118.78944,791,Etc/GMT+8,hads
Ione - CFA RAWS,CFAC1,38.38,-120.9302,193.69571,Etc/GMT+8,hads
ISABELLA WEATHER STATION,ISLC1,35.6458,-118.4772,799,Etc/GMT+8,hads
JARBO GAP RAWS,JBGC1,39.7358,-121.4889,747,Etc/GMT+8,hads
JERSEYDALE RAWS,JSDC1,37.5436,-119.8397,1152,Etc/GMT+8,hads
JOHNSONDALE RAWS,JSNC1,35.9706,-118.5408,1424,Etc/GMT+8,hads
June Lake - June Mountain Summit,JMTC1,37.74,-119.0727,3078.8665,Etc/GMT+8,hads
KAISER POINT,KSPC1,37.2983,-119.1033,2813,Etc/GMT+8,hads
Kerckoff - San Joaquin River,KSJC1,37.10194,-119.53889,245.03838,Etc/GMT+8,hads
Kern River No 3,KIWC1,35.94583,-118.47667,1116,Etc/GMT+8,hads
KERN RIVER PH 3,KVLC1,35.7831,-118.4389,875,Etc/GMT+8,hads
KETTLEMAN HILLS,KTLC1,36.0333,-120.0569,220,Etc/GMT+8,hads
LAKE KAWEAH POOL,LPPC1,36.5628,-118.7703,2040,Etc/GMT+8,hads
LAKE KAWEAH WEATHER STATION,KAWC1,36.4158,-119.0056,175,Etc/GMT+8,hads
Lake Tahoe Outlet Precip,TAOC1,39.16778,-120.14278,1900,Etc/GMT+8,hads
LAS TABLAS,TABC1,35.6556,-120.9228,282,Etc/GMT+8,hads
LINCOLN,LICC1,38.8825,-121.2683,60,Etc/GMT+8,hads
Lodge Pole 2SE - Panther Meadow,PMGC1,36.58806,-118.71694,2636.1995,Etc/GMT+8,hads
LOS BANOS RAWS,SLRC1,37.0544,-121.0531,97,Etc/GMT+8,hads
LOS VAQUEROS RAWS,VAQC1,37.7889,-121.7367,318,Etc/GMT+8,hads
Lower Bath House - SFSU,LBHC1,39.62417,-120.57778,1689,Etc/GMT+8,hads
LOWER KIBBIE,KIBC1,38.0331,-119.8781,2044,Etc/GMT+8,hads
LOWER RELIEF VALLEY,RELC1,38.2433,-119.7583,2515,Etc/GMT+8,hads
Lundy RAWS,UNDC1,38.03833,-119.16944,2144.751,Etc/GMT+8,hads
Magoon,MAGC1,37.4889,-119.8111,970,Etc/GMT+8,hads
MAHOGANY,MHYC1,36.0294,-118.2194,2277,Etc/GMT+8,hads
MAMMOTH PASS,MAMC1,37.61,-119.0331,2870,Etc/GMT+8,hads
Markleeville 1SE - RAWS,MKEC1,38.6906,-119.775,1761,Etc/GMT+8,hads
Martis Creek Dam  E Martis Creek Dam,MTSC1,39.3267,-120.1133,1801,Etc/GMT+8,hads
Meadowbrook,MBKC1,37.08111,-118.86194,2500.5337,Etc/GMT+8,hads
MEADOWBROOK STAGE,MBSC1,37.1,-118.8333,2958,Etc/GMT+8,hads
MEADOW LK SNOW COURSE,MELC1,39.4169,-120.5081,2304,Etc/GMT+8,hads
Mean Peak RAWS,XMPC1,38.39722,-119.52528,3023,Etc/GMT+8,hads
Merced River - Hwy 59,MFNC1,37.47028,-120.05,710.5741,Etc/GMT+8,hads
METCALF GAP,MCFC1,37.4092,-119.7681,922,Etc/GMT+8,hads
Meyers - Baron RAWS,RWBC1,38.854,-120.024,1935.7706,Etc/GMT+8,hads
MIAMI RAWS,MIAC1,37.4192,-119.7453,1298,Etc/GMT+8,hads
Mill Canyon RAWS,XMLC1,38.465,-119.51806,2419,Etc/GMT+8,hads
MILO,MOLC1,36.2325,-118.8706,612,Etc/GMT+8,hads
MINARETS,MTTC1,37.4072,-119.3456,1615,Etc/GMT+8,hads
Mineral King - Farewall Gap,FGOC1,36.4119,-118.58305,3097.3096,Etc/GMT+8,hads
Moccasin Met,MMSC1,37.81,-120.29667,309.00427,Etc/GMT+8,hads
MOUNTAIN HOME,MNJC1,36.2422,-118.7172,1686,Etc/GMT+8,hads
MOUNTAIN HOME RAWS,MNMC1,36.2238,-118.6652,2067.315,Etc/GMT+8,hads
Mountain Rest RAWS,MTQC1,37.05411,-119.37208,1243.1727,Etc/GMT+8,hads
Mount Elizabeth,MOUC1,38.06303,-120.24742,1498.121,Etc/GMT+8,hads
MOUNT TOM RAWS,MMTC1,37.3758,-119.1781,2733,Etc/GMT+8,hads
Mount Zion RAWS,MTZC1,38.38947,-120.65219,901.9144,Etc/GMT+8,hads
NATURE POINT,NTRC1,37.3419,-119.35,1366,Etc/GMT+8,hads
NEW HOGAN WEATHER STATION,NHWC1,38.1508,-120.8178,177,Etc/GMT+8,hads
NEW MELONES DAM,NMSC1,37.95,-120.5369,351,Etc/GMT+8,hads
New San Pedro - Chalk Plant,CKPC1,37.80806,-120.54222,282.81244,Etc/GMT+8,hads
NORTH FORK RAWS,NFRC1,37.2331,-119.5056,839,Etc/GMT+8,hads
OAK CK RAWS,IDPC1,36.8425,-118.2594,1431,Etc/GMT+8,hads
Oakdale Weather Station,ODLC1,37.7342,-120.8453,56,Etc/GMT+8,hads
Oakhurst 2Nw,OKHC1,37.34472,-119.67583,708.15344,Etc/GMT+8,hads
OAK OPENING RAWS,OORC1,36.1753,-118.7017,932,Etc/GMT+8,hads
Olympic Valley - Chickering Res,CKGC1,39.2458,-120.3631,1825.4028,Etc/GMT+8,hads
Oneals,ONXC1,37.20389,-119.57,694,Etc/GMT+8,hads
ONION CREEK,ONCC1,39.2744,-120.3558,1900,Etc/GMT+8,hads
Openshaw RAWS,CICC1,39.58972,-121.63528,80.22675,Etc/GMT+8,hads
Orestimba Creek,OSMC1,37.17694,-121.39667,404.02554,Etc/GMT+8,hads
OROVILLE DAM RAWS,ORRC1,39.5428,-121.4911,266,Etc/GMT+8,hads
OSTRANDER LAKE,OSTC1,37.6361,-119.5511,2512,Etc/GMT+8,hads
OWENS CAMP,OWNC1,38.7333,-120.2333,1676,Etc/GMT+8,hads
Owens Valley RAWS,OVRC1,37.39051,-118.55266,1418.1208,Etc/GMT+8,hads
Oynx - Bird Pass,BIJC1,35.5356,-118.1403,1919.4104,Etc/GMT+8,hads
PACIFIC HOUSE,PFHC1,38.756100000000004,-120.5003,1121,Etc/GMT+8,hads
PACK SPRING,APKC1,35.6133,-118.2739,983,Etc/GMT+8,hads
PANOCHE ROAD,PCEC1,36.7269,-120.7658,589,Etc/GMT+8,hads
PARADISE,PDSC1,38.05,-119.6667,2410,Etc/GMT+8,hads
PARADISE,PDEC1,39.7536,-121.6247,526,Etc/GMT+8,hads
Paradise Repeater,PXRC1,36.47722,-118.69806,2841,Etc/GMT+8,hads
PARKFIELD RAWS,PKFC1,35.8989,-120.4317,474,Etc/GMT+8,hads
PARK RIDGE,PRGC1,36.7242,-118.9425,2291,Etc/GMT+8,hads
PASCOES,PAEC1,35.9611,-118.3578,2790,Etc/GMT+8,hads
PATTERSON MTN REPEATER,PTQC1,36.9564,-119.0503,2383,Etc/GMT+8,hads
PECKINPAH,PCKC1,37.25,-119.4581,1594,Etc/GMT+8,hads
PEPPERMINT,PEPC1,36.0733,-118.5414,2254,Etc/GMT+8,hads
Perry Ranch Near Angels Camp 1N,PEYC1,38.14917,-120.92333000000001,98.11518,Etc/GMT+8,hads
PIKE COUNTY LOOKOUT RAWS,PKCC1,39.475,-121.2025,1094,Etc/GMT+8,hads
PILOT HILL (CDF),PLTC1,38.8325,-121.0086,356,Etc/GMT+8,hads
PILOT PEAK,PLPC1,39.7861,-120.875,2099,Etc/GMT+8,hads
PINECREST,PNCC1,38.2003,-119.9833,1753,Etc/GMT+8,hads
Pinecrest RAWS,PNWC1,38.1861,-120.0106,1733.3954,Etc/GMT+8,hads
PINE FLAT WEATHER STATION,PFLC1,36.8328,-119.3372,302,Etc/GMT+8,hads
PINE GROVE,PGRC1,38.4,-120.6333,759,Etc/GMT+8,hads
PINEHURST RAWS,PHRC1,36.6853,-119,1265,Etc/GMT+8,hads
PINNACLES RAWS,PCLC1,36.4708,-121.1472,425,Etc/GMT+8,hads
PINYON CREEK ALERT #1848,APYC1,35.575,-118.1597,1550,Etc/GMT+8,hads
PLACERVILLE,PLCC1,38.6955,-120.8244,549,Etc/GMT+8,hads
POISON RIDGE,POSC1,37.4031,-119.52,2097,Etc/GMT+8,hads
Potwisha Camp - MF Kawaeh River,KMPC1,36.51222,-118.79333,651,Etc/GMT+8,hads
QUAKING ASPEN,QUAC1,36.1169,-118.54,2226,Etc/GMT+8,hads
QUINCY (DWR),QNYC1,39.9166,-120.95,1446,Etc/GMT+8,hads
QUINCY ROAD RAWS,QYRC1,39.975,-120.9417,1079,Etc/GMT+8,hads
Rail Road Flat - Blue Mountain Lookout,ULBC1,38.34222,-120.36472,1819.7184,Etc/GMT+8,hads
RAILROAD FLAT (USACE),RRFC1,38.3139,-120.5431,847,Etc/GMT+8,hads
RANGER STATION NR MARIPOSA,MPOC1,37.5042,-119.9867,688,Etc/GMT+8,hads
Rattlesnake Sequoia Raws,MKGC1,36.4069,-118.4217,2559,Etc/GMT+8,hads
READER RANCH RAWS,RRRC1,39.3036,-121.1172,598,Etc/GMT+8,hads
RIVERKERN RAWS,KRNC1,35.7775,-118.4328,951,Etc/GMT+8,hads
Robbs,RBXC1,38.92361,-120.40417,2017,Etc/GMT+8,hads
ROBINSON COW CAMP SNOW COURSE,RCWC1,39.6231,-120.6781,2052,Etc/GMT+8,hads
ROCK CREEK,RCKC1,37.4578,-118.7354,2961,Etc/GMT+8,hads
Rock Creek RAWS,RCEC1,37.55983,-118.67842,2164.5107,Etc/GMT+8,hads
ROGERS CAMP,RGCC1,36.1072,-118.6331,1933,Etc/GMT+8,hads
SACATA REPEATER,SEPC1,36.915,-119.2069,1106,Etc/GMT+8,hads
SACRAMENTO 5ESE,SMTC1,38.5555,-121.4169,14,Etc/GMT+8,hads
SADDLEBACK RAWS,SLEC1,39.6375,-120.8652,1977,Etc/GMT+8,hads
Salt Springs PH,SPGC1,38.4975,-120.21889,1130.4246,Etc/GMT+8,hads
San Lucas - Marquez,MRQC1,36.3597,-120.7731,775.2409,Etc/GMT+8,hads
SAN LUIS NATIONAL WILDLIFE REFUGE,SLWC1,37.1822,-120.7939,27,Etc/GMT+8,hads
San Luis Obispo,OBPC1,35.605,-121.11417,63.704697,Etc/GMT+8,hads
SANTA RITA GOES,SRTC1,36.3478,-120.5978,1442,Etc/GMT+8,hads
SAWMILL,SAWC1,37.1617,-118.5617,3156,Etc/GMT+8,hads
SECRET TOWN GOES,SETC1,39.1844,-120.8833,877,Etc/GMT+8,hads
S FORK TUOLUMNE RIVER ABOVE HWY 120,THYC1,37.8283,-120.0106,901,Etc/GMT+8,hads
SHADEQUARTER MOUNTAIN,SHQC1,36.5672,-118.9556,1293,Etc/GMT+8,hads
SHAVER RAWS,SHVC1,37.1347,-119.2558,1764,Etc/GMT+8,hads
SHEEP RANCH - USACE,SRNC1,38.21,-120.4619,737,Etc/GMT+8,hads
SHERMAN PEAK,SPJC1,36.01,-118.3908,3007,Etc/GMT+8,hads
SIERRA CITY,SEYC1,39.5678,-120.6528,1459,Etc/GMT+8,hads
Sierraville - Rice Canyon,RNYC1,39.525,-120.3287,2101.427,Etc/GMT+8,hads
SILVER LAKE (GOES),SILC1,38.6781,-120.1181,2175,Etc/GMT+8,hads
S. LAKE,SOUC1,37.1683,-118.5706,2967,Etc/GMT+8,hads
SLIDE CANYON,SLIC1,38.1,-119.4333,3000,Etc/GMT+8,hads
SLY PARK,SLPC1,38.7167,-120.5667,1082,Etc/GMT+8,hads
Sonora,WXSC1,37.96139,-120.32389,676.1642,Etc/GMT+8,hads
Spring Gap Forebay,SFBC1,38.17194,-120.10333,1431.5808,Etc/GMT+8,hads
Springville,XSVC1,36.19222,-118.8025,451,Etc/GMT+8,hads
Springville - MF Tule River,IMTC1,36.16139,-118.70944,727,Etc/GMT+8,hads
STAMPEDE RAWS,SMDC1,39.4833,-120.0567,2366,Etc/GMT+8,hads
STANISLAUS POWER HOUSE,SPWC1,38.1331,-120.3669,537,Etc/GMT+8,hads
STANISLAUS RAWS,STUC1,38.1975,-120.0328,1780,Etc/GMT+8,hads
STIRLING CITY,SGYC1,39.9044,-121.5278,1079,Etc/GMT+8,hads
STONY CREEK NEAR GRIZZLY FLAT,GZYC1,37.0669,-119.4,1346.8567,Etc/GMT+8,hads
Success Lake,SUWC1,36.07472,-118.91833,199.556,Etc/GMT+8,hads
Sugar Loaf Sequoia Raws,HUMC1,36.7267,-118.675,2464,Etc/GMT+8,hads
SUGAR PINE,SGPC1,39.1281,-120.75,1219,Etc/GMT+8,hads
Sunol - Rose Peak RAWS,RSPC1,37.51131,-121.7416,1006.619,Etc/GMT+8,hads
Suwanna Ranch - Stoney Creek,UWNC1,36.995,-119.69194,173.41733,Etc/GMT+8,hads
Tamarack Burn,XOHC1,38.60917,-121.38722,22.410269,Etc/GMT+8,hads
TAMARACK SUMMIT,TMRC1,37.1636,-119.2008,2330,Etc/GMT+8,hads
TELEGRAPH HILL,TLHC1,38.03,-120.3531,1123,Etc/GMT+8,hads
TENAYA LAKE,SFTC1,37.8378,-119.45,2493,Etc/GMT+8,hads
THERMALITO RIVER OUTLET WX STATION,TWSC1,39.4892,-121.6847,41,Etc/GMT+8,hads
Thompson Valley near Portola,TVYC1,39.9789,-120.4789,1673.0817,Etc/GMT+8,hads
TIGER CREEK POWER HOUSE,TIGC1,38.4461,-120.4833,755,Etc/GMT+8,hads
TIOGA PASS,TIRC1,37.9111,-119.2569,3022,Etc/GMT+8,hads
TIOGA PASS-DANA MEADOWS,TIOC1,37.8931,-119.2569,2969,Etc/GMT+8,hads
TRIMMER RAWS,TRMC1,36.9111,-119.305,452,Etc/GMT+8,hads
Truckee - Tahoe Donner RAWS,TADC1,39.3383,-120.2733,2256.4692,Etc/GMT+8,hads
TUNNEL,TUNC1,36.3667,-118.2833,2815,Etc/GMT+8,hads
TUOLUMNE MEADOWS,TUMC1,37.8731,-119.35,2631,Etc/GMT+8,hads
UC Merced,UCMC1,37.36611,-120.4225,79.31279,Etc/GMT+8,hads
UHL RAWS,UHLC1,35.88723,-118.6472,1150.601,Etc/GMT+8,hads
Upper Bull,QUBC1,36.96694,-119.05639,2470.7747,Etc/GMT+8,hads
Upper Providence,QUPC1,37.06111,-119.18278,1994.6259,Etc/GMT+8,hads
Vogelsang,VGNC1,37.79444,-119.3475,1752.954,Etc/GMT+8,hads
WALKER PASS EAST,WAPC1,35.6625,-118.0255,1599.9404,Etc/GMT+8,hads
WALKER PASS GOES,ONYC1,35.6647,-118.0569,1668,Etc/GMT+8,hads
WALKER RAWS,WALC1,38.5653,-119.4592,1667,Etc/GMT+8,hads
Washington - White Cloud RAWS,CISC1,39.31943,-120.84435,1347.1099,Etc/GMT+8,hads
WAWONA,MRPC1,37.5128,-119.6047,1978,Etc/GMT+8,hads
WAWONA RAWS,WWNC1,37.54,-119.6517,1235,Etc/GMT+8,hads
Wawona - SF Merced,MIIC1,37.5417,-119.6722,1241.1993,Etc/GMT+8,hads
Wawona - YNP Portable,YNWC1,37.5531,-119.6578,1379.4287,Etc/GMT+8,hads
Westfall Near Maroposa 16Se,WCFC1,37.44944,-119.685,1505.0115,Etc/GMT+8,hads
Westley Weather Station,WESC1,37.515,-120.23111,75,Etc/GMT+8,hads
WEST WOODCHUCK MEADOW,WWEC1,37.0311,-118.9147,2807,Etc/GMT+8,hads
WET MEADOW,WEMC1,36.3489,-118.5733,2749,Etc/GMT+8,hads
WHALE POINT,WPOC1,36.0842,-121.5728,676,Etc/GMT+8,hads
WHITE WOLF RAWS,WWRC1,37.8617,-119.6511,2441,Etc/GMT+8,hads
WISHON DAM,WSHC1,37.0069,-118.9839,2024,Etc/GMT+8,hads
WOLVERTON RAWS,WVTC1,36.445,-118.7033,1649,Etc/GMT+8,hads
Woodfords - Hope Valley,HVSC1,38.7756,-119.9038,2111.258,Etc/GMT+8,hads
Woody,WOCC1,35.7061,-118.8325,517.5189,Etc/GMT+8,hads
YOSEMITE AT YOSEMITE VALLEY,YYVC1,37.74,-119.5889,1246,Etc/GMT+8,hads
YOSEMITE VILLAGE 12W,YVVC1,37.7592,-119.8208,2019,Etc/GMT+8,hads
YOSEMITE @ WAWONA,YWAC1,37.5081,-119.6322,1622,Etc/GMT+8,hads
YUBA RIVER  AT Our House,OURC1,39.4117,-120.9969,609.00885,Etc/GMT+8,hads
Austin - Reese River Valley,RRVN2,39.2341,-117.298,1851.4044,Etc/GMT+8,hads
BERNICE CYN,BNCN2,39.75,-117.75,1777,Etc/GMT+8,hads
DEAD CAMEL RAWS,DEDN2,39.2619,-118.9431,1389,Etc/GMT+8,hads
DESERT SPRINGS RAWS,DESN2,39.6739,-119.7678,1618,Etc/GMT+8,hads
Dyer Nevada,DYNN2,37.6147,-118.0181,1486,Etc/GMT+8,hads
FISH SPRINGS RAWS,FISN2,38.9247,-119.6417,1593,Etc/GMT+8,hads
GALENA,GALN2,39.3606,-119.8542,1881,Etc/GMT+8,hads
GRAVEL PT RAWS,GRVN2,39.3167,-117.5833,1891,Etc/GMT+8,hads
Hazen - Bango,BGON2,39.49722,-119.03333,1256.0052,Etc/GMT+8,hads
Incline Village - Knox 2,KNXN2,39.2728,-119.9631,2298.8914,Etc/GMT+8,hads
LITTLE VALLEY WRCC RAWS,LVYN2,39.2444,-119.8808,1982,Etc/GMT+8,hads
Mason Valley,MVSN2,38.9211,-119.1677,1354.3495,Etc/GMT+8,hads
Middlegate - Cherry Valley,CYVN2,39.5844,-117.9439,2312.596,Etc/GMT+8,hads
RAWHIDE FLATS RAWS,RAWN2,39.1419,-118.6669,1189,Etc/GMT+8,hads
RED BUTTE RAWS,RBTN2,39.9833,-117.3167,1573,Etc/GMT+8,hads
Reno 3ENE - Post Fire,PFEN2,39.56833,-119.79583,1505.9425,Etc/GMT+8,hads
Spooner Summitfire,SSTN2,39.09833,-119.90889,2142,Etc/GMT+8,hads
Unassigned,PFBN2,39.56833,-119.79611,1507.2742,Etc/GMT+8,hads
Unassigned,PFCN2,39.56833,-119.79611,1507.2742,Etc/GMT+8,hads
Unassigned,PFDN2,39.56833,-119.79611,1507.2742,Etc/GMT+8,hads
Zephyr Cove - Skyland RAWS,SKYN2,39.023,-119.9408,2016.6595,Etc/GMT+8,hads
"AUBURN MUNICIPAL AIRPORT, CA US",72026723224,38.95472,-121.08194,466.6,Etc/GMT+8,lcd
"BEALE AFB, CA US",72483793216,39.13333,-121.43333,38.1,Etc/GMT+8,lcd
"BISHOP AIRPORT, CA US",72480023157,37.37114,-118.35886,1252.8,Etc/GMT+8,lcd
"BLUE CANYON NYACK AIRPORT, CA US",72584523225,39.27617,-120.70927,1611.2,Etc/GMT+8,lcd
"BRIDGEPORT SONORA JUNCTION, CA US",72065200433,38.3557,-119.519,2057.1,Etc/GMT+8,lcd
"CARSON AIRPORT, NV US",72054900171,39.183,-119.733,1432.3,Etc/GMT+8,lcd
"CASTLE AFB, CA US",72481023203,37.38333,-120.56667,58.2,Etc/GMT+8,lcd
"CHINA LAKE NAF, CA US",74612093104,35.686254,-117.690911,680,Etc/GMT+8,lcd
"COLUMBIA AIRPORT, CA US",72061500206,38.033,-120.417,646.2,Etc/GMT+8,lcd
"FALLON NAAS, NV US",72488593102,39.41667,-118.71667,1199.1,Etc/GMT+8,lcd
"FRESNO YOSEMITE INTERNATIONAL, CA US",72389093193,36.77999,-119.72016,101.9,Etc/GMT+8,lcd
"HANFORD MUNICIPAL AIRPORT, CA US",72389853119,36.3114,-119.62319,76,Etc/GMT+8,lcd
"HOLLISTER MUNICIPAL AIRPORT, CA US",74917900392,36.9,-121.417,72.2,Etc/GMT+8,lcd
"LEMOORE REEVES NAS, CA US",74702023110,36.33333,-119.95,70.7,Etc/GMT+8,lcd
"LINCOLN REGIONAL AIRPORT KARL HARDER FIELD, CA US",72061400205,38.909,-121.351,37.2,Etc/GMT+8,lcd
"MADERA MUNICIPAL AIRPORT, CA US",74504693242,36.98505,-120.11068,76.6,Etc/GMT+8,lcd
"MAMMOTH LAKES MAMMOTH YOSEMITE AIRPORT, CA US",72389403181,37.63333,-118.85,2172.6,Etc/GMT+8,lcd
"MARYSVILLE AIRPORT ASOS, CA US",72483893205,39.10205,-121.56884,18.9,Etc/GMT+8,lcd
"MERCED MUNICIPAL AIRPORT, CA US",72481523257,37.28597,-120.51788,46.5,Etc/GMT+8,lcd
"MODESTO AIRPORT, CA US",72492623258,37.62544,-120.95492,26.5,Etc/GMT+8,lcd
"NEVADA CO AIR PARK, CA US",74948600397,39.224,-121.003,961,Etc/GMT+8,lcd
"OROVILLE MUNICIPAL AIRPORT, CA US",74504893210,39.4943,-121.62226,56.9,Etc/GMT+8,lcd
"PASO ROBLES MUNICIPAL AIRPORT, CA US",72396593209,35.66936,-120.62918,249.8,Etc/GMT+8,lcd
"PLACERVILLE AIRPORT, CA US",72064500227,38.717,-120.75,787.3,Etc/GMT+8,lcd
"PORTERVILLE MUNICIPAL AIRPORT, CA US",72389523149,36.02944,-119.0625,134.7,Etc/GMT+8,lcd
"RENO AIRPORT, NV US",72488023185,39.50769,-119.76829,1342.5,Etc/GMT+8,lcd
"RENO STEAD AIRPORT, NV US",72083900279,39.667,-119.876,1540.2,Etc/GMT+8,lcd
"SACRAMENTO AIRPORT ASOS, CA US",72483023232,38.50659,-121.49604,5.9,Etc/GMT+8,lcd
"SACRAMENTO MATHER AFB, CA US",72483323206,38.56667,-121.3,30.2,Etc/GMT+8,lcd
"SACRAMENTO MCCLELLAN AFB, CA US",72483623208,38.66667,-121.4,23.5,Etc/GMT+8,lcd
"SACRAMENTO METROPOLITAN AIRPORT, CA US",72483993225,38.70069,-121.59479,7.5,Etc/GMT+8,lcd
"SALINAS AIRPORT, CA US",72593023233,36.66352,-121.60928,22.3,Etc/GMT+8,lcd
"SOUTH CO AIRPORT OF SANTA CLARA CO, CA US",74948400395,37.082,-121.597,86.3,Etc/GMT+8,lcd
"SOUTH LAKE TAHOE AIRPORT, CA US",72584793230,38.89838,-119.99617,1907,Etc/GMT+8,lcd
"STOCKTON AIRPORT, CA US",72492023237,37.88997,-121.22637,8.3,Etc/GMT+8,lcd
"TRUCKEE AIRPORT, CA US",72584693201,39.32,-120.13944,1798.3,Etc/GMT+8,lcd
"VISALIA MUNICIPAL AIRPORT, CA US",72389693144,36.31667,-119.4,89.9,Etc/GMT+8,lcd
Blue Lakes,356,38.61,-119.92,2458.8216,Etc/GMT+8,snotel
Bodie Hills,2215,38.26,-119.13,2385.06,Etc/GMT+8,scan
Burnside Lake,1051,38.72,-119.89,2477.7192,Etc/GMT+8,snotel
Carson Pass,1067,38.69,-120,2546.6040000000003,Etc/GMT+8,snotel
Css Lab,428,39.33,-120.37,2101.2912,Etc/GMT+8,snotel
Deep Springs,2187,37.37,-117.97,1645.6152000000002,Etc/GMT+8,scan
Doe Ridge,2191,37.63,-118.83,2237.232,Etc/GMT+8,scan
Ebbetts Pass,462,38.55,-119.8,2639.8728,Etc/GMT+8,snotel
Echo Peak,463,38.85,-120.08,2332.6344,Etc/GMT+8,snotel
Fallen Leaf,473,38.93,-120.05,1902.5616,Etc/GMT+8,snotel
Forestdale Creek,1049,38.68,-119.96,2443.5816,Etc/GMT+8,snotel
Hagans Meadow,508,38.85,-119.94,2359.7616000000003,Etc/GMT+8,snotel
Heavenly Valley,518,38.92,-119.92,2601.1632,Etc/GMT+8,snotel
Horse Meadow,1050,38.84,-119.89,2608.1736,Etc/GMT+8,snotel
Independence Camp,539,39.45,-120.29,2127.504,Etc/GMT+8,snotel
Independence Creek,540,39.49,-120.28,1961.6928,Etc/GMT+8,snotel
Independence Lake,541,39.43,-120.31,2541.4224,Etc/GMT+8,snotel
Leavitt Lake,574,38.28,-119.61,2927.2992,Etc/GMT+8,snotel
Leavitt Meadows,575,38.3,-119.55,2193.9504,Etc/GMT+8,snotel
Lobdell Lake,587,38.44,-119.37,2819.0952,Etc/GMT+8,snotel
Marble Creek,2149,37.78,-118.42,1884.5784,Etc/GMT+8,scan
Monitor Pass,633,38.67,-119.61,2531.6688,Etc/GMT+8,snotel
Monocline Ridge,2217,36.54,-120.55,266.7,Etc/GMT+8,scan
Palisades Tahoe,784,39.19,-120.27,2442.3624,Etc/GMT+8,snotel
Poison Flat,697,38.51,-119.63,2357.9328,Etc/GMT+8,snotel
Rubicon #2,724,39,-120.13,2322.2712,Etc/GMT+8,snotel
Sonora Pass,771,38.31,-119.6,2673.096,Etc/GMT+8,snotel
Spratt Creek,778,38.67,-119.82,1848.0024,Etc/GMT+8,snotel
Summit Meadow,1052,38.4,-119.54,2838.6024,Etc/GMT+8,snotel
Tahoe City Cross,809,39.17,-120.15,2071.7256,Etc/GMT+8,snotel
Truckee #2,834,39.3,-120.18,1983.9432000000002,Etc/GMT+8,snotel
Vallecitos,2234,36.46,-120.71,493.776,Etc/GMT+8,scan
Virginia Lakes Ridge,846,38.07,-119.23,2865.1200000000003,Etc/GMT+8,snotel
Ward Creek #3,848,39.14,-120.22,2055.876,Etc/GMT+8,snotel
Big Meadow,340,39.45,-119.94,2510.0280000000002,Etc/GMT+8,snotel
Little Valley,1242,39.25,-119.88,1979.0664000000002,Etc/GMT+8,snotel
Marlette Lake,615,39.16,-119.9,2403.0432,Etc/GMT+8,snotel
Mt Rose Ski Area,652,39.32,-119.89,2682.5448,Etc/GMT+8,snotel
Porter Canyon,2170,39.47,-117.62,2190.5976,Etc/GMT+8,snotel
