n_points,n_eval,accuracy,macro_f1,multiclass_logloss,hour_utc
3,3,1.0,0.3333333333333333,2.2204460492503136e-16,2024-10-07 22:00:00+00:00
4,4,1.0,0.3333333333333333,2.2204460492503136e-16,2024-10-16 17:00:00+00:00
6,6,1.0,0.3333333333333333,2.2204460492503136e-16,2024-10-16 18:00:00+00:00
9,9,1.0,0.3333333333333333,2.2204460492503136e-16,2024-10-16 20:00:00+00:00
4,4,1.0,0.3333333333333333,2.2204460492503136e-16,2024-10-16 21:00:00+00:00
4,4,1.0,0.3333333333333333,2.2204460492503136e-16,2024-10-16 22:00:00+00:00
3,3,1.0,0.3333333333333333,2.2204460492503136e-16,2024-10-17 00:00:00+00:00
4,4,1.0,0.3333333333333333,2.2204460492503136e-16,2024-10-17 18:00:00+00:00
8,8,0.875,0.3111111111111111,4.544945050073217,2024-10-17 19:00:00+00:00
7,7,0.42857142857142855,0.19999999999999998,10.784979513243053,2024-10-17 21:00:00+00:00
4,4,1.0,0.3333333333333333,2.2204460492503136e-16,2024-10-17 22:00:00+00:00
7,7,0.42857142857142855,0.19999999999999998,8.985835826357436,2024-10-17 23:00:00+00:00
5,5,0.2,0.1111111111111111,2.5191698831193214,2024-10-18 00:00:00+00:00
3,3,0.6666666666666666,0.26666666666666666,12.019778729373499,2024-10-28 21:00:00+00:00
3,3,0.6666666666666666,0.26666666666666666,12.139967321511397,2024-10-28 22:00:00+00:00
27,27,0.7037037037037037,0.5,4.5045412041276744,2024-10-28 23:00:00+00:00
3,3,0.3333333333333333,0.16666666666666666,12.948253116472216,2024-10-29 00:00:00+00:00
4,4,0.0,0.0,19.287163726341845,2024-10-31 10:00:00+00:00
4,4,0.5,0.2222222222222222,18.0513748989974,2024-10-31 14:00:00+00:00
8,8,0.25,0.16666666666666666,2.622928532086954,2024-10-31 15:00:00+00:00
5,5,0.6,0.25,7.609170969642655,2024-11-02 04:00:00+00:00
5,5,0.8,0.2962962962962963,7.22357731549084,2024-11-02 05:00:00+00:00
3,3,1.0,0.3333333333333333,2.2204460492503136e-16,2024-11-02 14:00:00+00:00
3,3,0.3333333333333333,0.16666666666666666,13.13607447335143,2024-11-03 04:00:00+00:00
11,11,0.5454545454545454,0.26666666666666666,1.7372098923564885,2024-11-11 16:00:00+00:00
8,8,0.875,0.582010582010582,0.3802374272626722,2024-11-11 17:00:00+00:00
11,11,0.7272727272727273,0.407843137254902,0.6823577563613862,2024-11-11 18:00:00+00:00
21,21,0.7142857142857143,0.5106837606837606,1.0099019477767588,2024-11-11 19:00:00+00:00
36,36,0.6666666666666666,0.6074074074074074,3.1621280214282104,2024-11-11 20:00:00+00:00
31,31,0.6451612903225806,0.5543948804818369,3.2203989680294787,2024-11-11 21:00:00+00:00
26,26,0.5384615384615384,0.512962962962963,5.127719005675276,2024-11-11 22:00:00+00:00
5,5,0.2,0.1111111111111111,3.869283514542842,2024-11-11 23:00:00+00:00
3,3,0.6666666666666666,0.26666666666666666,12.017509367374386,2024-11-13 21:00:00+00:00
7,7,0.42857142857142855,0.4000000000000001,2.4418844455961013,2024-11-13 22:00:00+00:00
28,28,0.7142857142857143,0.5077658303464755,2.209832058060734,2024-11-13 23:00:00+00:00
10,10,0.6,0.25,4.95921814394733,2024-11-14 00:00:00+00:00
6,6,0.8333333333333334,0.5523809523809523,0.33673016670870776,2024-11-14 01:00:00+00:00
4,4,0.5,0.2222222222222222,10.316640857366677,2024-11-14 23:00:00+00:00
6,6,0.8333333333333334,0.30303030303030304,6.008448036748074,2024-11-15 00:00:00+00:00
3,3,1.0,0.3333333333333333,2.2204460492503136e-16,2024-11-15 02:00:00+00:00
6,6,1.0,0.3333333333333333,2.2204460492503136e-16,2024-11-15 07:00:00+00:00
13,13,0.7692307692307693,0.2898550724637681,5.743363436633473,2024-11-15 15:00:00+00:00
17,17,1.0,0.3333333333333333,2.2204460492503136e-16,2024-11-15 16:00:00+00:00
30,30,0.8333333333333334,0.30303030303030304,3.8125281979405043,2024-11-15 17:00:00+00:00
32,32,0.875,0.421455938697318,1.2954196845061317,2024-11-15 18:00:00+00:00
37,37,0.9459459459459459,0.32407407407407407,1.9929467259346518,2024-11-15 19:00:00+00:00
7,7,0.8571428571428571,0.3076923076923077,5.241221577597318,2024-11-15 20:00:00+00:00
14,14,0.9285714285714286,0.32098765432098764,2.615765858636892,2024-11-15 21:00:00+00:00
8,8,1.0,0.6666666666666666,0.08145129442870477,2024-11-15 22:00:00+00:00
6,6,0.8333333333333334,0.30303030303030304,6.030617826223556,2024-11-15 23:00:00+00:00
3,3,0.0,0.0,13.29539551676757,2024-11-16 00:00:00+00:00
3,3,1.0,0.3333333333333333,2.2204460492503136e-16,2024-11-18 03:00:00+00:00
3,3,1.0,0.3333333333333333,2.2204460492503136e-16,2024-11-18 07:00:00+00:00
4,4,0.25,0.13333333333333333,9.737496688734876,2024-11-20 17:00:00+00:00
4,4,1.0,0.3333333333333333,2.2204460492503136e-16,2024-11-20 18:00:00+00:00
5,5,0.6,0.25,14.584132596264064,2024-11-20 19:00:00+00:00
5,5,0.4,0.19047619047619047,0.636589299699488,2024-11-20 20:00:00+00:00
3,3,0.3333333333333333,0.16666666666666666,12.76809940739521,2024-11-20 21:00:00+00:00
8,8,0.5,0.2222222222222222,6.565312916382826,2024-11-20 22:00:00+00:00
6,6,0.5,0.2222222222222222,12.606135512823192,2024-11-20 23:00:00+00:00
9,9,0.7777777777777778,0.4523809523809524,0.34221616369892155,2024-11-21 00:00:00+00:00
10,10,0.8,0.5555555555555555,4.0620869267068835,2024-11-21 01:00:00+00:00
8,8,0.5,0.38888888888888884,5.3952903105667245,2024-11-21 02:00:00+00:00
8,8,0.875,0.3111111111111111,4.5297044919812635,2024-11-21 03:00:00+00:00
8,8,0.5,0.26666666666666666,5.1315574962459625,2024-11-21 04:00:00+00:00
10,10,0.8,0.5079365079365079,0.31648849494261067,2024-11-21 05:00:00+00:00
6,6,1.0,0.3333333333333333,2.2204460492503136e-16,2024-11-21 14:00:00+00:00
5,5,1.0,0.3333333333333333,2.2204460492503136e-16,2024-11-21 15:00:00+00:00
3,3,1.0,0.3333333333333333,2.2204460492503136e-16,2024-11-21 16:00:00+00:00
8,8,1.0,0.3333333333333333,2.2204460492503136e-16,2024-11-21 17:00:00+00:00
5,5,0.0,0.0,9.810332851896806,2024-11-21 18:00:00+00:00
3,3,0.0,0.0,13.841547057803366,2024-11-21 19:00:00+00:00
6,6,1.0,0.3333333333333333,2.2204460492503136e-16,2024-11-21 20:00:00+00:00
3,3,0.6666666666666666,0.26666666666666666,12.023796489745942,2024-11-21 21:00:00+00:00
6,6,1.0,0.3333333333333333,2.2204460492503136e-16,2024-11-21 22:00:00+00:00
3,3,1.0,0.3333333333333333,2.2204460492503136e-16,2024-11-22 00:00:00+00:00
3,3,1.0,0.3333333333333333,2.2204460492503136e-16,2024-11-22 02:00:00+00:00
4,4,1.0,0.3333333333333333,2.2204460492503136e-16,2024-11-22 15:00:00+00:00
7,7,0.2857142857142857,0.19047619047619047,6.193367155895475,2024-11-22 16:00:00+00:00
5,5,1.0,0.3333333333333333,2.2204460492503136e-16,2024-11-22 17:00:00+00:00
3,3,1.0,0.3333333333333333,2.2204460492503136e-16,2024-11-22 18:00:00+00:00
4,4,1.0,0.3333333333333333,2.2204460492503136e-16,2024-11-22 19:00:00+00:00
7,7,1.0,0.3333333333333333,2.2204460492503136e-16,2024-11-22 20:00:00+00:00
6,6,0.8333333333333334,0.30303030303030304,6.184018036412371,2024-11-22 21:00:00+00:00
9,9,1.0,0.6666666666666666,0.0839353783560588,2024-11-22 22:00:00+00:00
7,7,1.0,0.3333333333333333,2.2204460492503136e-16,2024-11-22 23:00:00+00:00
3,3,1.0,0.3333333333333333,2.2204460492503136e-16,2024-11-23 00:00:00+00:00
4,4,1.0,0.3333333333333333,2.2204460492503136e-16,2024-11-23 01:00:00+00:00
7,7,0.5714285714285714,0.2962962962962963,10.78159695515449,2024-11-23 02:00:00+00:00
7,7,0.7142857142857143,0.2777777777777778,5.298447182980412,2024-11-23 03:00:00+00:00
12,12,0.8333333333333334,0.3333333333333333,6.031304069061452,2024-11-23 04:00:00+00:00
13,13,0.6923076923076923,0.27272727272727276,5.770613490447501,2024-11-23 05:00:00+00:00
14,14,0.8571428571428571,0.3076923076923077,2.8059594206283056,2024-11-23 06:00:00+00:00
14,14,1.0,0.3333333333333333,2.2204460492503136e-16,2024-11-23 07:00:00+00:00
9,9,1.0,0.3333333333333333,2.2204460492503136e-16,2024-11-23 08:00:00+00:00
5,5,1.0,0.3333333333333333,2.2204460492503136e-16,2024-11-23 09:00:00+00:00
3,3,1.0,0.3333333333333333,2.2204460492503136e-16,2024-11-23 10:00:00+00:00
3,3,0.0,0.0,12.94620356728686,2024-11-23 11:00:00+00:00
5,5,0.0,0.0,9.130731924284001,2024-11-23 12:00:00+00:00
4,4,0.0,0.0,20.03359882799934,2024-11-23 13:00:00+00:00
8,8,0.5,0.3611111111111111,5.1507439623020455,2024-11-23 14:00:00+00:00
4,4,0.5,0.2222222222222222,10.913206327334661,2024-11-23 15:00:00+00:00
4,4,0.0,0.0,19.023731781801676,2024-11-23 16:00:00+00:00
13,13,0.5384615384615384,0.2333333333333333,4.022586257666619,2024-11-23 18:00:00+00:00
5,5,1.0,0.3333333333333333,2.2204460492503136e-16,2024-11-23 19:00:00+00:00
9,9,0.4444444444444444,0.20512820512820515,5.456853805542874,2024-11-23 20:00:00+00:00
19,19,0.8421052631578947,0.5123152709359605,3.8877530167416894,2024-11-23 21:00:00+00:00
16,16,0.9375,0.6543209876543209,2.3413991366800477,2024-11-23 22:00:00+00:00
9,9,1.0,1.0,0.3725150491924692,2024-11-23 23:00:00+00:00
13,13,0.6923076923076923,0.4411764705882353,3.7880469188173533,2024-11-24 00:00:00+00:00
4,4,0.75,0.2857142857142857,9.034573469107608,2024-11-24 01:00:00+00:00
3,3,1.0,0.3333333333333333,2.2204460492503136e-16,2024-11-25 14:00:00+00:00
10,10,1.0,0.3333333333333333,2.2204460492503136e-16,2024-11-25 15:00:00+00:00
16,16,0.625,0.41102756892230574,0.6048600356832479,2024-11-25 16:00:00+00:00
16,16,0.9375,0.6234817813765182,2.25287071244448,2024-11-25 17:00:00+00:00
14,14,0.6428571428571429,0.38730158730158726,0.8145610359701104,2024-11-25 18:00:00+00:00
10,10,0.8,0.5833333333333334,4.387911085714667,2024-11-25 19:00:00+00:00
37,37,0.6756756756756757,0.4991830065359477,2.796303295498072,2024-11-25 20:00:00+00:00
17,17,0.7058823529411765,0.6060606060606061,0.9403160279233883,2024-11-25 21:00:00+00:00
33,33,0.7878787878787878,0.42424242424242425,1.5363553056712942,2024-11-25 22:00:00+00:00
28,28,0.75,0.2857142857142857,2.9612382188140907,2024-11-25 23:00:00+00:00
15,15,0.8666666666666667,0.30952380952380953,4.952018808962909,2024-11-26 00:00:00+00:00
3,3,1.0,0.3333333333333333,2.2204460492503136e-16,2024-11-26 01:00:00+00:00
4,4,1.0,0.3333333333333333,2.2204460492503136e-16,2024-11-26 02:00:00+00:00
4,4,1.0,0.6666666666666666,0.03711104887995219,2024-11-26 05:00:00+00:00
4,4,0.5,0.2222222222222222,9.890412803579625,2024-11-26 06:00:00+00:00
4,4,0.0,0.0,3.7214226270320796,2024-11-26 08:00:00+00:00
3,3,0.0,0.0,14.197874506608718,2024-11-26 15:00:00+00:00
4,4,0.5,0.2222222222222222,1.115652923109634,2024-11-26 16:00:00+00:00
4,4,0.0,0.0,18.623661023615554,2024-11-26 18:00:00+00:00
4,4,1.0,0.3333333333333333,2.2204460492503136e-16,2024-11-26 19:00:00+00:00
9,9,0.7777777777777778,0.2916666666666667,0.48159733662745907,2024-11-26 20:00:00+00:00
9,9,0.7777777777777778,0.2916666666666667,8.062079719249766,2024-11-26 21:00:00+00:00
11,11,0.8181818181818182,0.3,0.9799723388553552,2024-11-26 22:00:00+00:00
4,4,1.0,0.3333333333333333,2.2204460492503136e-16,2024-11-27 00:00:00+00:00
7,7,1.0,0.3333333333333333,2.2204460492503136e-16,2024-11-27 02:00:00+00:00
3,3,0.6666666666666666,0.26666666666666666,12.059554080229333,2024-12-12 12:00:00+00:00
3,3,0.6666666666666666,0.26666666666666666,12.051050620449706,2024-12-12 13:00:00+00:00
5,5,0.4,0.19047619047619047,3.1061718954218813,2024-12-12 14:00:00+00:00
17,17,0.8823529411764706,0.8515037593984962,2.458459395574001,2024-12-12 15:00:00+00:00
16,16,0.6875,0.47222222222222215,3.5022551551878127,2024-12-12 16:00:00+00:00
17,17,0.7647058823529411,0.7683501683501683,3.0661690136357804,2024-12-12 17:00:00+00:00
9,9,0.3333333333333333,0.3055555555555555,1.2112487908078584,2024-12-12 18:00:00+00:00
5,5,1.0,0.3333333333333333,2.2204460492503136e-16,2024-12-12 22:00:00+00:00
6,6,1.0,0.3333333333333333,2.2204460492503136e-16,2024-12-12 23:00:00+00:00
8,8,0.5,0.2222222222222222,6.012064990353311,2024-12-13 00:00:00+00:00
7,7,1.0,0.3333333333333333,2.2204460492503136e-16,2024-12-13 02:00:00+00:00
6,6,1.0,0.3333333333333333,2.2204460492503136e-16,2024-12-13 03:00:00+00:00
31,31,0.8709677419354839,0.7000000000000001,0.20586664790868428,2024-12-13 04:00:00+00:00
6,6,0.8333333333333334,0.30303030303030304,6.011162351318345,2024-12-13 05:00:00+00:00
3,3,0.6666666666666666,0.26666666666666666,12.449570959119784,2024-12-13 06:00:00+00:00
11,11,0.9090909090909091,0.5803921568627451,3.38449420765207,2024-12-13 16:00:00+00:00
8,8,0.75,0.48888888888888893,0.49336336612583864,2024-12-13 17:00:00+00:00
4,4,0.75,0.2857142857142857,9.288156660351063,2024-12-13 18:00:00+00:00
7,7,0.7142857142857143,0.2777777777777778,0.8153819615721654,2024-12-13 20:00:00+00:00
9,9,0.5555555555555556,0.2380952380952381,4.636210775019257,2024-12-13 21:00:00+00:00
16,16,1.0,0.6666666666666666,0.06825394385851064,2024-12-13 22:00:00+00:00
4,4,0.75,0.2857142857142857,9.052884869152447,2024-12-13 23:00:00+00:00
4,4,0.75,0.2857142857142857,9.02130998748951,2024-12-14 00:00:00+00:00
5,5,0.8,0.2962962962962963,7.310815642327293,2024-12-14 01:00:00+00:00
4,4,0.25,0.13333333333333333,1.398484563285718,2024-12-14 08:00:00+00:00
4,4,0.75,0.2857142857142857,9.18186869753115,2024-12-14 09:00:00+00:00
3,3,0.0,0.0,36.04365338911715,2024-12-14 11:00:00+00:00
8,8,0.25,0.16666666666666666,6.827535316854518,2024-12-14 14:00:00+00:00
47,47,0.7659574468085106,0.2891566265060241,4.040720130253265,2024-12-14 15:00:00+00:00
17,17,0.4117647058823529,0.3833333333333333,5.465617669735746,2024-12-14 16:00:00+00:00
24,24,0.75,0.7005291005291006,5.105012922691301,2024-12-14 17:00:00+00:00
10,10,0.8,0.2962962962962963,0.3320598482145378,2024-12-14 18:00:00+00:00
52,52,0.7884615384615384,0.7091420534458509,0.8866540120047163,2024-12-14 19:00:00+00:00
31,31,0.8064516129032258,0.7623931623931623,1.5165879017923587,2024-12-14 20:00:00+00:00
22,22,0.7272727272727273,0.3137254901960784,5.646025333638182,2024-12-14 21:00:00+00:00
11,11,0.6363636363636364,0.4603174603174603,3.832437488494836,2024-12-14 22:00:00+00:00
7,7,0.5714285714285714,0.35555555555555557,0.6961782349815241,2024-12-14 23:00:00+00:00
19,19,0.8947368421052632,0.6132478632478633,2.111125357493245,2024-12-15 00:00:00+00:00
6,6,0.6666666666666666,0.26666666666666666,1.0847199258500606,2024-12-15 01:00:00+00:00
22,22,0.7727272727272727,0.5573192239858906,2.5572970151065326,2024-12-16 16:00:00+00:00
39,39,0.6666666666666666,0.5671871987661462,2.094789245036235,2024-12-16 17:00:00+00:00
34,34,0.5,0.48304093567251466,4.621529239527958,2024-12-16 18:00:00+00:00
20,20,0.65,0.43047619047619046,4.224153126987629,2024-12-16 19:00:00+00:00
30,30,0.7333333333333333,0.7246498599439777,1.8430781034400538,2024-12-16 20:00:00+00:00
22,22,0.6363636363636364,0.2745098039215686,3.921493412012838,2024-12-16 21:00:00+00:00
11,11,0.8181818181818182,0.3,3.520110419850452,2024-12-16 22:00:00+00:00
4,4,1.0,0.3333333333333333,2.2204460492503136e-16,2024-12-16 23:00:00+00:00
4,4,0.75,0.2857142857142857,9.111958584089608,2024-12-21 17:00:00+00:00
22,22,0.6363636363636364,0.26666666666666666,2.962935853830264,2024-12-21 18:00:00+00:00
8,8,0.5,0.2222222222222222,9.44951672222279,2024-12-21 19:00:00+00:00
9,9,0.8888888888888888,0.3137254901960784,4.009869950640817,2024-12-21 20:00:00+00:00
16,16,0.6875,0.2716049382716049,7.209300733710927,2024-12-21 21:00:00+00:00
19,19,0.7368421052631579,0.2828282828282828,2.4756538488472675,2024-12-21 22:00:00+00:00
8,8,1.0,0.3333333333333333,2.2204460492503136e-16,2024-12-22 01:00:00+00:00
3,3,1.0,0.3333333333333333,2.2204460492503136e-16,2024-12-22 07:00:00+00:00
3,3,1.0,0.3333333333333333,2.2204460492503136e-16,2024-12-22 08:00:00+00:00
3,3,1.0,0.3333333333333333,2.2204460492503136e-16,2024-12-22 10:00:00+00:00
12,12,0.75,0.48214285714285715,4.546322332844402,2024-12-22 14:00:00+00:00
8,8,1.0,0.6666666666666666,0.0418394246276011,2024-12-22 15:00:00+00:00
4,4,1.0,0.3333333333333333,2.2204460492503136e-16,2024-12-23 03:00:00+00:00
7,7,1.0,0.3333333333333333,2.2204460492503136e-16,2024-12-23 04:00:00+00:00
4,4,1.0,0.3333333333333333,2.2204460492503136e-16,2024-12-23 05:00:00+00:00
4,4,1.0,0.3333333333333333,2.2204460492503136e-16,2024-12-24 13:00:00+00:00
3,3,1.0,0.3333333333333333,2.2204460492503136e-16,2024-12-24 14:00:00+00:00
25,25,0.6,0.25,4.111211838513626,2024-12-24 15:00:00+00:00
29,29,0.3448275862068966,0.2962962962962963,3.3836755031115406,2024-12-24 16:00:00+00:00
42,42,0.8809523809523809,0.5824561403508772,1.080009522387002,2024-12-24 17:00:00+00:00
11,11,0.5454545454545454,0.23529411764705885,0.7562896338635391,2024-12-24 18:00:00+00:00
10,10,0.7,0.2745098039215686,7.644010726602199,2024-12-24 19:00:00+00:00
9,9,0.4444444444444444,0.2962962962962963,2.0031203861855906,2024-12-24 20:00:00+00:00
4,4,0.0,0.0,22.958332472536824,2024-12-24 21:00:00+00:00
16,16,0.5625,0.407843137254902,1.1500069843669385,2024-12-24 22:00:00+00:00
24,24,0.625,0.6336032388663967,1.2926320205903872,2024-12-24 23:00:00+00:00
19,19,0.8947368421052632,0.3148148148148148,3.8053353979241984,2024-12-25 00:00:00+00:00
5,5,0.8,0.2962962962962963,7.249822872348358,2024-12-25 01:00:00+00:00
4,4,0.75,0.2857142857142857,9.015629213919393,2024-12-25 02:00:00+00:00
3,3,1.0,0.3333333333333333,2.2204460492503136e-16,2024-12-25 03:00:00+00:00
5,5,0.8,0.2962962962962963,7.386916511204793,2024-12-26 15:00:00+00:00
7,7,0.14285714285714285,0.08333333333333333,7.206493414900465,2024-12-26 16:00:00+00:00
12,12,0.5,0.3717948717948718,0.9472064791784917,2024-12-26 17:00:00+00:00
13,13,0.7692307692307693,0.5341880341880342,3.141630425851214,2024-12-26 18:00:00+00:00
12,12,0.6666666666666666,0.44047619047619047,3.694224493635206,2024-12-26 19:00:00+00:00
10,10,0.4,0.3386243386243386,1.646430240045515,2024-12-26 20:00:00+00:00
4,4,0.0,0.0,19.708797235956297,2024-12-26 22:00:00+00:00
8,8,0.5,0.26666666666666666,5.34602527889952,2024-12-26 23:00:00+00:00
4,4,0.5,0.2222222222222222,0.8227340991567261,2024-12-27 00:00:00+00:00
4,4,0.0,0.0,18.729226748524212,2024-12-27 01:00:00+00:00
5,5,0.6,0.25,8.57151109618041,2024-12-27 02:00:00+00:00
4,4,0.75,0.2857142857142857,9.274322395495846,2024-12-27 03:00:00+00:00
5,5,0.8,0.2962962962962963,7.274249392620405,2024-12-27 04:00:00+00:00
3,3,1.0,0.3333333333333333,2.2204460492503136e-16,2024-12-27 05:00:00+00:00
4,4,0.5,0.2222222222222222,1.2861157493917628,2024-12-27 06:00:00+00:00
3,3,0.0,0.0,13.205498378700767,2024-12-27 07:00:00+00:00
5,5,0.4,0.26666666666666666,14.82492873760107,2024-12-27 08:00:00+00:00
4,4,1.0,0.3333333333333333,2.2204460492503136e-16,2024-12-28 15:00:00+00:00
3,3,1.0,0.3333333333333333,2.2204460492503136e-16,2024-12-28 16:00:00+00:00
3,3,1.0,0.3333333333333333,2.2204460492503136e-16,2024-12-28 20:00:00+00:00
22,22,0.6818181818181818,0.5783475783475783,2.950344796759845,2024-12-29 15:00:00+00:00
29,29,0.7586206896551724,0.6723646723646723,1.7568766258307804,2024-12-29 16:00:00+00:00
21,21,0.8095238095238095,0.5343915343915344,2.0547089920682557,2024-12-29 17:00:00+00:00
24,24,0.9583333333333334,0.326241134751773,1.5278661348110367,2024-12-29 18:00:00+00:00
20,20,0.85,0.30630630630630634,3.7876365937686884,2024-12-29 19:00:00+00:00
15,15,0.7333333333333333,0.31884057971014496,2.8821237296261155,2024-12-29 20:00:00+00:00
24,24,0.6666666666666666,0.5049019607843137,1.676650593090628,2024-12-29 21:00:00+00:00
22,22,0.6818181818181818,0.47252747252747246,2.3625526305874684,2024-12-29 22:00:00+00:00
19,19,0.5789473684210527,0.418859649122807,4.444048767390605,2024-12-29 23:00:00+00:00
6,6,0.3333333333333333,0.16666666666666666,7.219270239547634,2024-12-30 00:00:00+00:00
3,3,0.0,0.0,13.306050916846722,2024-12-30 01:00:00+00:00
3,3,1.0,0.3333333333333333,2.2204460492503136e-16,2025-01-01 20:00:00+00:00
6,6,0.6666666666666666,0.4444444444444444,0.5248892321822018,2025-01-03 17:00:00+00:00
8,8,0.75,0.5833333333333334,5.176317518352475,2025-01-03 18:00:00+00:00
19,19,0.8947368421052632,0.6190476190476191,2.0625482204230754,2025-01-03 19:00:00+00:00
22,22,0.6363636363636364,0.5090909090909091,2.8375532602256466,2025-01-03 20:00:00+00:00
24,24,0.7083333333333334,0.6851851851851851,0.6329647669314783,2025-01-03 21:00:00+00:00
29,29,0.7241379310344828,0.5027173913043478,1.7042523154855511,2025-01-03 22:00:00+00:00
48,48,0.7916666666666666,0.5479555304315055,2.2581744441052827,2025-01-03 23:00:00+00:00
22,22,0.5,0.4555555555555555,1.7090277067224766,2025-01-04 00:00:00+00:00
4,4,0.75,0.2857142857142857,9.055014103233328,2025-01-04 03:00:00+00:00
4,4,1.0,0.3333333333333333,2.2204460492503136e-16,2025-01-04 04:00:00+00:00
3,3,0.6666666666666666,0.26666666666666666,12.128278268613395,2025-01-04 05:00:00+00:00
3,3,1.0,0.3333333333333333,2.2204460492503136e-16,2025-01-06 13:00:00+00:00
15,15,0.9333333333333333,0.3218390804597701,2.417417762617053,2025-01-06 14:00:00+00:00
16,16,0.5625,0.3376623376623377,6.004873130973591,2025-01-06 15:00:00+00:00
7,7,1.0,0.3333333333333333,2.2204460492503136e-16,2025-01-07 00:00:00+00:00
14,14,1.0,0.3333333333333333,2.2204460492503136e-16,2025-01-07 01:00:00+00:00
5,5,0.0,0.0,9.138565544486033,2025-01-07 02:00:00+00:00
11,11,0.45454545454545453,0.3333333333333333,4.692474591335293,2025-01-07 03:00:00+00:00
5,5,0.6,0.25,7.387442087262936,2025-01-07 04:00:00+00:00
4,4,1.0,0.3333333333333333,2.2204460492503136e-16,2025-01-25 16:00:00+00:00
4,4,1.0,0.3333333333333333,2.2204460492503136e-16,2025-01-25 18:00:00+00:00
3,3,1.0,0.3333333333333333,2.2204460492503136e-16,2025-01-25 19:00:00+00:00
5,5,1.0,0.3333333333333333,2.2204460492503136e-16,2025-01-25 21:00:00+00:00
5,5,0.8,0.2962962962962963,7.21441485752518,2025-01-25 22:00:00+00:00
40,40,1.0,0.3333333333333333,2.2204460492503136e-16,2025-01-25 23:00:00+00:00
30,30,0.8666666666666667,0.30952380952380953,2.5819138413603975,2025-01-26 00:00:00+00:00
20,20,0.65,0.2888888888888889,4.281105612170956,2025-01-26 01:00:00+00:00
14,14,0.8571428571428571,0.3076923076923077,5.158946484408285,2025-01-26 02:00:00+00:00
9,9,0.6666666666666666,0.26666666666666666,4.267039996752279,2025-01-26 03:00:00+00:00
4,4,0.75,0.2857142857142857,9.032594746955406,2025-01-26 04:00:00+00:00
4,4,1.0,0.3333333333333333,2.2204460492503136e-16,2025-01-26 05:00:00+00:00
3,3,0.6666666666666666,0.26666666666666666,12.099100543840981,2025-01-26 06:00:00+00:00
4,4,1.0,0.3333333333333333,2.2204460492503136e-16,2025-01-26 07:00:00+00:00
3,3,1.0,0.3333333333333333,2.2204460492503136e-16,2025-01-26 08:00:00+00:00
8,8,1.0,0.3333333333333333,2.2204460492503136e-16,2025-01-26 15:00:00+00:00
16,16,1.0,0.3333333333333333,2.2204460492503136e-16,2025-01-26 16:00:00+00:00
9,9,1.0,0.3333333333333333,2.2204460492503136e-16,2025-01-26 17:00:00+00:00
6,6,1.0,0.3333333333333333,2.2204460492503136e-16,2025-01-26 18:00:00+00:00
5,5,1.0,0.3333333333333333,2.2204460492503136e-16,2025-01-26 19:00:00+00:00
14,14,1.0,0.3333333333333333,2.2204460492503136e-16,2025-01-26 20:00:00+00:00
8,8,1.0,0.3333333333333333,2.2204460492503136e-16,2025-01-26 21:00:00+00:00
6,6,0.8333333333333334,0.30303030303030304,6.012533903727586,2025-01-26 22:00:00+00:00
4,4,1.0,0.3333333333333333,2.2204460492503136e-16,2025-01-26 23:00:00+00:00
5,5,1.0,0.3333333333333333,2.2204460492503136e-16,2025-01-27 00:00:00+00:00
3,3,1.0,0.3333333333333333,2.2204460492503136e-16,2025-01-27 01:00:00+00:00
12,12,0.8333333333333334,0.5185185185185185,3.149272991011383,2025-01-31 17:00:00+00:00
27,27,0.8148148148148148,0.5714285714285715,3.531580870467001,2025-01-31 18:00:00+00:00
34,34,0.7941176470588235,0.6670212765957446,2.86693590436823,2025-01-31 19:00:00+00:00
26,26,0.38461538461538464,0.3732057416267942,2.1601266327114605,2025-01-31 20:00:00+00:00
14,14,0.6428571428571429,0.39376218323586737,1.9712330819274502,2025-01-31 21:00:00+00:00
10,10,0.9,0.3157894736842105,3.7198656979256635,2025-01-31 22:00:00+00:00
19,19,0.8947368421052632,0.3148148148148148,0.29954517496997646,2025-01-31 23:00:00+00:00
23,23,0.782608695652174,0.7797385620915033,2.0697734746825622,2025-02-01 00:00:00+00:00
15,15,0.7333333333333333,0.3055555555555555,0.9021550467068692,2025-02-01 01:00:00+00:00
14,14,0.8571428571428571,0.3076923076923077,2.6837468330506513,2025-02-01 02:00:00+00:00
9,9,0.7777777777777778,0.2916666666666667,0.36216346388523246,2025-02-01 03:00:00+00:00
6,6,1.0,0.3333333333333333,2.2204460492503136e-16,2025-02-01 04:00:00+00:00
4,4,1.0,0.3333333333333333,2.2204460492503136e-16,2025-02-01 05:00:00+00:00
5,5,0.2,0.1111111111111111,3.1849397989511696,2025-02-01 06:00:00+00:00
3,3,0.0,0.0,13.094844578134742,2025-02-01 07:00:00+00:00
4,4,1.0,0.3333333333333333,2.2204460492503136e-16,2025-02-01 12:00:00+00:00
14,14,0.6428571428571429,0.2608695652173913,3.9181297530674546,2025-02-01 15:00:00+00:00
35,35,0.34285714285714286,0.3333333333333333,2.332877952115761,2025-02-01 16:00:00+00:00
29,29,0.7931034482758621,0.7117305458768873,1.6772793984620238,2025-02-01 17:00:00+00:00
20,20,0.9,0.3157894736842105,1.923321241283085,2025-02-01 18:00:00+00:00
25,25,0.76,0.31666666666666665,0.775462497680482,2025-02-01 19:00:00+00:00
17,17,0.8823529411764706,0.5761904761904763,2.2656950672239704,2025-02-01 20:00:00+00:00
16,16,0.5625,0.24,1.7525774179765274,2025-02-01 21:00:00+00:00
9,9,0.7777777777777778,0.2916666666666667,5.935356351179561,2025-02-01 22:00:00+00:00
20,20,0.95,0.3247863247863248,1.838208344817179,2025-02-01 23:00:00+00:00
14,14,1.0,0.3333333333333333,2.2204460492503136e-16,2025-02-02 00:00:00+00:00
12,12,1.0,0.3333333333333333,2.2204460492503136e-16,2025-02-02 01:00:00+00:00
10,10,1.0,0.3333333333333333,2.2204460492503136e-16,2025-02-02 02:00:00+00:00
12,12,1.0,0.3333333333333333,2.2204460492503136e-16,2025-02-02 03:00:00+00:00
5,5,1.0,0.3333333333333333,2.2204460492503136e-16,2025-02-02 04:00:00+00:00
4,4,1.0,0.3333333333333333,2.2204460492503136e-16,2025-02-02 05:00:00+00:00
8,8,1.0,0.3333333333333333,2.2204460492503136e-16,2025-02-02 15:00:00+00:00
7,7,1.0,0.3333333333333333,2.2204460492503136e-16,2025-02-02 16:00:00+00:00
7,7,1.0,0.3333333333333333,2.2204460492503136e-16,2025-02-02 17:00:00+00:00
5,5,1.0,0.3333333333333333,2.2204460492503136e-16,2025-02-02 18:00:00+00:00
6,6,1.0,0.3333333333333333,2.2204460492503136e-16,2025-02-02 19:00:00+00:00
9,9,1.0,0.3333333333333333,2.2204460492503136e-16,2025-02-02 20:00:00+00:00
12,12,0.75,0.5444444444444444,0.46878949793606095,2025-02-02 21:00:00+00:00
9,9,1.0,0.3333333333333333,2.2204460492503136e-16,2025-02-02 22:00:00+00:00
10,10,0.9,0.3157894736842105,3.687363398963405,2025-02-02 23:00:00+00:00
15,15,0.7333333333333333,0.28205128205128205,5.06914459846324,2025-02-03 00:00:00+00:00
10,10,0.7,0.2745098039215686,7.538633213159445,2025-02-03 01:00:00+00:00
3,3,0.6666666666666666,0.26666666666666666,12.128037220055242,2025-02-04 00:00:00+00:00
3,3,1.0,0.3333333333333333,2.2204460492503136e-16,2025-02-04 04:00:00+00:00
4,4,0.5,0.2222222222222222,9.427828958749787,2025-02-04 05:00:00+00:00
5,5,0.0,0.0,10.525433008938599,2025-02-04 06:00:00+00:00
3,3,0.0,0.0,13.13314770139349,2025-02-04 07:00:00+00:00
3,3,0.0,0.0,13.120909800340355,2025-02-04 08:00:00+00:00
4,4,1.0,0.3333333333333333,2.2204460492503136e-16,2025-02-04 09:00:00+00:00
4,4,0.75,0.2857142857142857,9.367549621470479,2025-02-04 10:00:00+00:00
5,5,0.2,0.1111111111111111,1.5269783359814089,2025-02-04 14:00:00+00:00
16,16,0.875,0.5833333333333334,0.25429720419544943,2025-02-04 15:00:00+00:00
13,13,0.6923076923076923,0.6952380952380951,0.7276329192948869,2025-02-04 16:00:00+00:00
11,11,0.6363636363636364,0.2916666666666667,10.13568825852437,2025-02-04 17:00:00+00:00
29,29,0.6206896551724138,0.5452991452991452,2.7733928155314183,2025-02-04 18:00:00+00:00
5,5,0.2,0.1111111111111111,10.103749242052132,2025-02-04 19:00:00+00:00
12,12,0.75,0.2857142857142857,6.254264081479733,2025-02-04 20:00:00+00:00
9,9,0.5555555555555556,0.41269841269841273,1.6877405950174886,2025-02-04 21:00:00+00:00
13,13,0.5384615384615384,0.2333333333333333,0.8729536747779965,2025-02-04 22:00:00+00:00
23,23,0.782608695652174,0.526984126984127,2.1626153635973364,2025-02-04 23:00:00+00:00
41,41,0.926829268292683,0.6053489889106327,1.8656859452817538,2025-02-05 00:00:00+00:00
16,16,1.0,0.3333333333333333,2.2204460492503136e-16,2025-02-05 01:00:00+00:00
13,13,0.8461538461538461,0.3055555555555555,2.89643840780756,2025-02-05 02:00:00+00:00
16,16,0.9375,0.3225806451612903,2.344476357193843,2025-02-05 03:00:00+00:00
10,10,0.8,0.2962962962962963,3.7536290506504466,2025-02-05 04:00:00+00:00
17,17,0.8235294117647058,0.3010752688172043,2.4029967164845174,2025-02-05 05:00:00+00:00
10,10,1.0,0.3333333333333333,2.2204460492503136e-16,2025-02-05 06:00:00+00:00
9,9,0.5555555555555556,0.3666666666666667,0.6520222940596706,2025-02-06 15:00:00+00:00
24,24,0.625,0.48611111111111116,2.149085335681231,2025-02-06 16:00:00+00:00
31,31,0.9032258064516129,0.5366876310272537,2.4003039829253967,2025-02-06 17:00:00+00:00
38,38,0.868421052631579,0.5753086419753086,3.8877488735999806,2025-02-06 18:00:00+00:00
42,42,0.7380952380952381,0.5056935817805382,1.3780918435703364,2025-02-06 19:00:00+00:00
34,34,0.6764705882352942,0.4764912280701754,3.8763419285316085,2025-02-06 20:00:00+00:00
38,38,0.5526315789473685,0.4927170868347339,1.483361537787878,2025-02-06 21:00:00+00:00
33,33,0.8181818181818182,0.430952380952381,2.7703319764219634,2025-02-06 22:00:00+00:00
20,20,0.9,0.3157894736842105,3.657026129653809,2025-02-06 23:00:00+00:00
33,33,1.0,0.6666666666666666,0.024910242768863066,2025-02-07 00:00:00+00:00
14,14,0.8571428571428571,0.3076923076923077,2.861084823738348,2025-02-07 01:00:00+00:00
17,17,1.0,0.3333333333333333,2.2204460492503136e-16,2025-02-07 02:00:00+00:00
10,10,1.0,0.3333333333333333,2.2204460492503136e-16,2025-02-07 03:00:00+00:00
13,13,0.9230769230769231,0.32,2.827413953431294,2025-02-07 04:00:00+00:00
12,12,0.9166666666666666,0.31884057971014496,3.1138369015986007,2025-02-07 05:00:00+00:00
7,7,0.8571428571428571,0.3076923076923077,5.190023010775628,2025-02-07 06:00:00+00:00
4,4,1.0,0.3333333333333333,2.2204460492503136e-16,2025-02-07 07:00:00+00:00
3,3,1.0,0.3333333333333333,2.2204460492503136e-16,2025-02-07 08:00:00+00:00
3,3,1.0,0.3333333333333333,2.2204460492503136e-16,2025-02-07 10:00:00+00:00
4,4,1.0,0.3333333333333333,2.2204460492503136e-16,2025-02-07 14:00:00+00:00
5,5,0.8,0.2962962962962963,7.213615027089934,2025-02-07 15:00:00+00:00
6,6,1.0,0.3333333333333333,2.2204460492503136e-16,2025-02-07 16:00:00+00:00
3,3,0.6666666666666666,0.26666666666666666,12.255293275910091,2025-02-07 17:00:00+00:00
5,5,1.0,0.3333333333333333,2.2204460492503136e-16,2025-02-07 19:00:00+00:00
12,12,1.0,0.3333333333333333,2.2204460492503136e-16,2025-02-07 20:00:00+00:00
4,4,1.0,0.3333333333333333,2.2204460492503136e-16,2025-02-07 22:00:00+00:00
6,6,1.0,0.3333333333333333,2.2204460492503136e-16,2025-02-07 23:00:00+00:00
5,5,1.0,0.3333333333333333,2.2204460492503136e-16,2025-02-13 05:00:00+00:00
6,6,1.0,0.6666666666666666,0.33510150388083865,2025-02-13 06:00:00+00:00
4,4,0.5,0.2222222222222222,0.922734201277373,2025-02-13 07:00:00+00:00
4,4,0.5,0.2222222222222222,18.27475367426814,2025-02-13 10:00:00+00:00
6,6,1.0,0.3333333333333333,2.2204460492503136e-16,2025-02-13 12:00:00+00:00
20,20,0.6,0.3277777777777778,4.158075013947413,2025-02-13 13:00:00+00:00
27,27,0.4074074074074074,0.33481481481481484,2.5838027106302976,2025-02-13 14:00:00+00:00
52,52,0.7307692307692307,0.719421101774043,1.4648659704056126,2025-02-13 15:00:00+00:00
26,26,0.6153846153846154,0.6198830409356725,5.0821229323642605,2025-02-13 16:00:00+00:00
41,41,0.6829268292682927,0.49259259259259264,3.5663283889318627,2025-02-13 17:00:00+00:00
30,30,0.5333333333333333,0.5103785103785103,3.1258178193807895,2025-02-13 18:00:00+00:00
31,31,0.41935483870967744,0.34259259259259256,4.690600721836547,2025-02-13 19:00:00+00:00
24,24,0.4583333333333333,0.4523809523809524,4.411387995461006,2025-02-13 20:00:00+00:00
18,18,0.6111111111111112,0.28205128205128205,3.082589090707314,2025-02-13 21:00:00+00:00
29,29,0.6896551724137931,0.585085085085085,0.8485338574445426,2025-02-13 22:00:00+00:00
38,38,0.6578947368421053,0.5347891665027215,3.122919375347965,2025-02-13 23:00:00+00:00
20,20,0.4,0.3028322440087146,2.953986952695348,2025-02-14 00:00:00+00:00
7,7,0.7142857142857143,0.5833333333333334,6.020342195213116,2025-02-14 01:00:00+00:00
18,18,0.6111111111111112,0.4436274509803922,1.2261854863978325,2025-02-14 02:00:00+00:00
17,17,0.5882352941176471,0.39946018893387314,3.3810777458863583,2025-02-14 03:00:00+00:00
12,12,0.5833333333333334,0.42424242424242425,3.964439346808882,2025-02-14 04:00:00+00:00
8,8,0.375,0.1818181818181818,5.1315621899285,2025-02-14 05:00:00+00:00
6,6,0.6666666666666666,0.26666666666666666,6.311424247827023,2025-02-14 06:00:00+00:00
5,5,1.0,0.3333333333333333,2.2204460492503136e-16,2025-02-14 07:00:00+00:00
3,3,1.0,0.3333333333333333,2.2204460492503136e-16,2025-02-14 09:00:00+00:00
4,4,0.0,0.0,19.265759032520375,2025-02-14 10:00:00+00:00
3,3,0.6666666666666666,0.26666666666666666,12.03638270942219,2025-02-14 13:00:00+00:00
5,5,1.0,0.3333333333333333,2.2204460492503136e-16,2025-02-14 14:00:00+00:00
11,11,0.5454545454545454,0.23529411764705885,10.533294444491828,2025-02-14 15:00:00+00:00
8,8,0.875,0.3111111111111111,4.57673217038351,2025-02-14 16:00:00+00:00
8,8,1.0,0.6666666666666666,0.04198159288036758,2025-02-14 17:00:00+00:00
6,6,0.6666666666666666,0.3333333333333333,12.031939673201054,2025-02-14 18:00:00+00:00
8,8,0.875,0.3111111111111111,4.587840354463513,2025-02-14 19:00:00+00:00
5,5,0.8,0.2962962962962963,7.371314463421632,2025-02-14 20:00:00+00:00
3,3,1.0,0.3333333333333333,2.2204460492503136e-16,2025-02-14 21:00:00+00:00
9,9,0.7777777777777778,0.7833333333333333,0.6619151254609095,2025-02-16 14:00:00+00:00
19,19,0.7894736842105263,0.5411255411255411,3.98593205742144,2025-02-16 15:00:00+00:00
13,13,0.6923076923076923,0.44973544973544977,3.2366702258814777,2025-02-16 16:00:00+00:00
6,6,1.0,0.3333333333333333,2.2204460492503136e-16,2025-02-16 17:00:00+00:00
4,4,0.75,0.2857142857142857,9.492437107931298,2025-02-16 19:00:00+00:00
6,6,0.8333333333333334,0.30303030303030304,6.010497067236308,2025-02-19 03:00:00+00:00
4,4,0.0,0.0,19.218380378511334,2025-02-19 19:00:00+00:00
17,17,0.7058823529411765,0.4830917874396135,4.59461843560062,2025-02-19 20:00:00+00:00
18,18,0.5,0.2608695652173913,2.138474763726585,2025-02-19 21:00:00+00:00
7,7,0.14285714285714285,0.08333333333333333,8.812628861687049,2025-02-19 22:00:00+00:00
6,6,0.8333333333333334,0.30303030303030304,6.0476297930786815,2025-02-19 23:00:00+00:00
11,11,0.7272727272727273,0.5,3.599638752615039,2025-02-20 00:00:00+00:00
13,13,0.6923076923076923,0.4074074074074074,3.7861999376239193,2025-02-20 01:00:00+00:00
6,6,0.6666666666666666,0.26666666666666666,0.5031737702568314,2025-02-20 02:00:00+00:00
6,6,1.0,0.3333333333333333,2.2204460492503136e-16,2025-02-23 16:00:00+00:00
5,5,1.0,0.3333333333333333,2.2204460492503136e-16,2025-02-23 17:00:00+00:00
3,3,0.0,0.0,36.04365338911715,2025-03-02 13:00:00+00:00
5,5,0.8,0.2962962962962963,7.27024938016679,2025-03-02 15:00:00+00:00
16,16,0.6875,0.37777777777777777,3.052686654687777,2025-03-02 16:00:00+00:00
6,6,1.0,0.3333333333333333,2.2204460492503136e-16,2025-03-02 17:00:00+00:00
13,13,0.7692307692307693,0.2898550724637681,1.253280656887576,2025-03-02 18:00:00+00:00
6,6,0.8333333333333334,0.30303030303030304,6.012980110294946,2025-03-02 19:00:00+00:00
11,11,0.6363636363636364,0.3111111111111111,3.8854365626767287,2025-03-02 20:00:00+00:00
21,21,0.7619047619047619,0.5988505747126437,2.374173599802051,2025-03-02 21:00:00+00:00
10,10,0.8,0.4583333333333333,0.6777466847298529,2025-03-02 22:00:00+00:00
10,10,1.0,0.3333333333333333,2.2204460492503136e-16,2025-03-02 23:00:00+00:00
14,14,0.7142857142857143,0.2777777777777778,3.116910265895011,2025-03-03 00:00:00+00:00
4,4,0.25,0.13333333333333333,9.584296253274426,2025-03-03 01:00:00+00:00
3,3,0.6666666666666666,0.26666666666666666,12.202482041449981,2025-03-03 03:00:00+00:00
7,7,1.0,0.3333333333333333,2.2204460492503136e-16,2025-03-03 04:00:00+00:00
4,4,0.75,0.2857142857142857,9.012841412006916,2025-03-03 05:00:00+00:00
3,3,1.0,0.3333333333333333,2.2204460492503136e-16,2025-03-03 06:00:00+00:00
3,3,0.6666666666666666,0.26666666666666666,12.02527800234598,2025-03-03 07:00:00+00:00
13,13,1.0,0.3333333333333333,2.2204460492503136e-16,2025-03-03 15:00:00+00:00
4,4,1.0,0.3333333333333333,2.2204460492503136e-16,2025-03-03 16:00:00+00:00
11,11,0.45454545454545453,0.32996632996632996,1.8027874111246618,2025-03-05 14:00:00+00:00
23,23,0.782608695652174,0.5696969696969697,5.154798913946794,2025-03-05 15:00:00+00:00
23,23,0.6086956521739131,0.4619047619047619,4.541345144085315,2025-03-05 16:00:00+00:00
14,14,0.5,0.43333333333333335,2.1247200314641845,2025-03-05 17:00:00+00:00
13,13,0.6923076923076923,0.5343915343915344,4.472923677293787,2025-03-05 18:00:00+00:00
18,18,0.2777777777777778,0.2871794871794872,3.1066732916629247,2025-03-05 19:00:00+00:00
19,19,0.3157894736842105,0.31901431901431904,3.603132828493792,2025-03-05 20:00:00+00:00
20,20,0.65,0.5561076604554865,1.7372498798924512,2025-03-05 21:00:00+00:00
18,18,0.5,0.3090909090909091,5.8926680221616,2025-03-05 22:00:00+00:00
27,27,0.6296296296296297,0.6345029239766081,2.583451114051686,2025-03-05 23:00:00+00:00
15,15,0.5333333333333333,0.38888888888888884,3.425669783853633,2025-03-06 00:00:00+00:00
23,23,0.43478260869565216,0.2675026123301985,4.9740688985712,2025-03-06 01:00:00+00:00
4,4,0.5,0.2222222222222222,18.295877340778638,2025-03-06 02:00:00+00:00
5,5,1.0,0.3333333333333333,2.2204460492503136e-16,2025-03-06 05:00:00+00:00
4,4,0.0,0.0,2.503484016528068,2025-03-06 06:00:00+00:00
4,4,0.75,0.2857142857142857,9.012349453122056,2025-03-06 07:00:00+00:00
5,5,0.4,0.19047619047619047,2.84604660342806,2025-03-06 14:00:00+00:00
9,9,1.0,0.3333333333333333,2.2204460492503136e-16,2025-03-06 15:00:00+00:00
9,9,0.8888888888888888,0.3137254901960784,4.042123858379031,2025-03-06 16:00:00+00:00
5,5,1.0,0.3333333333333333,2.2204460492503136e-16,2025-03-06 17:00:00+00:00
4,4,1.0,0.3333333333333333,2.2204460492503136e-16,2025-03-06 18:00:00+00:00
15,15,1.0,0.3333333333333333,2.2204460492503136e-16,2025-03-06 19:00:00+00:00
13,13,0.9230769230769231,0.32,2.772588722239781,2025-03-06 20:00:00+00:00
19,19,0.9473684210526315,0.32432432432432434,1.897034388900903,2025-03-06 21:00:00+00:00
15,15,0.9333333333333333,0.3218390804597701,2.4029102259411435,2025-03-06 22:00:00+00:00
23,23,0.9565217391304348,0.3259259259259259,1.5671153647442244,2025-03-06 23:00:00+00:00
5,5,1.0,0.3333333333333333,2.2204460492503136e-16,2025-03-07 00:00:00+00:00
5,5,0.8,0.2962962962962963,7.2180606069360564,2025-03-07 01:00:00+00:00
5,5,0.6,0.5,8.152840043433665,2025-03-12 13:00:00+00:00
5,5,0.2,0.1111111111111111,8.607454633709775,2025-03-12 14:00:00+00:00
4,4,0.5,0.2222222222222222,11.551513564181699,2025-03-12 15:00:00+00:00
3,3,0.6666666666666666,0.26666666666666666,12.020669157460807,2025-03-12 18:00:00+00:00
8,8,0.75,0.5185185185185185,4.7149265927203015,2025-03-12 19:00:00+00:00
4,4,0.5,0.2222222222222222,18.029036968172534,2025-03-12 20:00:00+00:00
21,21,0.6190476190476191,0.6,2.327839064371094,2025-03-12 22:00:00+00:00
13,13,0.8461538461538461,0.5222222222222223,0.6177172506096222,2025-03-12 23:00:00+00:00
48,48,0.8958333333333334,0.6090412319920516,2.4274901409273313,2025-03-13 00:00:00+00:00
51,51,0.6862745098039216,0.6560528901992316,2.3845054832529367,2025-03-13 01:00:00+00:00
38,38,0.8157894736842105,0.7605466428995841,1.6549408767434937,2025-03-13 02:00:00+00:00
27,27,0.5925925925925926,0.3880803880803881,5.212286253688746,2025-03-13 03:00:00+00:00
15,15,0.8,0.5079365079365079,3.2104122311063943,2025-03-13 04:00:00+00:00
19,19,0.7368421052631579,0.2828282828282828,4.572207622301122,2025-03-13 05:00:00+00:00
10,10,0.9,0.3157894736842105,3.6172498656450975,2025-03-13 06:00:00+00:00
3,3,1.0,0.3333333333333333,2.2204460492503136e-16,2025-03-13 11:00:00+00:00
8,8,0.875,0.3111111111111111,4.566744774610693,2025-03-13 14:00:00+00:00
5,5,1.0,0.3333333333333333,2.2204460492503136e-16,2025-03-13 15:00:00+00:00
3,3,0.0,0.0,12.844377267373245,2025-03-13 16:00:00+00:00
4,4,0.5,0.2222222222222222,9.33513049466616,2025-03-13 18:00:00+00:00
9,9,0.7777777777777778,0.2916666666666667,4.429378313702165,2025-03-13 19:00:00+00:00
13,13,0.9230769230769231,0.5841269841269842,0.21846875477788627,2025-03-13 20:00:00+00:00
12,12,1.0,0.3333333333333333,2.2204460492503136e-16,2025-03-13 21:00:00+00:00
14,14,0.7857142857142857,0.29333333333333333,7.739891539187093,2025-03-13 22:00:00+00:00
7,7,0.8571428571428571,0.3076923076923077,5.16043792278635,2025-03-13 23:00:00+00:00
12,12,0.5,0.47179487179487184,1.7019475450962895,2025-03-14 00:00:00+00:00
3,3,0.6666666666666666,0.26666666666666666,12.128011376915515,2025-03-14 01:00:00+00:00
4,4,0.75,0.2857142857142857,9.090939813730827,2025-03-14 04:00:00+00:00
16,16,1.0,0.3333333333333333,2.2204460492503136e-16,2025-03-14 14:00:00+00:00
12,12,0.8333333333333334,0.30303030303030304,0.2924126892281121,2025-03-14 15:00:00+00:00
16,16,1.0,0.6666666666666666,0.03312342180002709,2025-03-14 16:00:00+00:00
17,17,0.8823529411764706,0.3125,2.329511712654103,2025-03-14 17:00:00+00:00
28,28,1.0,0.3333333333333333,2.2204460492503136e-16,2025-03-14 18:00:00+00:00
36,36,0.8333333333333334,0.467741935483871,1.502798451104683,2025-03-14 19:00:00+00:00
20,20,0.75,0.2857142857142857,2.3573410829067147,2025-03-14 20:00:00+00:00
6,6,0.5,0.2222222222222222,1.6535732269569376,2025-03-14 21:00:00+00:00
15,15,0.4666666666666667,0.2745098039215686,1.8466552659098598,2025-03-14 22:00:00+00:00
9,9,1.0,0.3333333333333333,2.2204460492503136e-16,2025-03-14 23:00:00+00:00
6,6,0.6666666666666666,0.26666666666666666,0.4460307160487707,2025-03-15 00:00:00+00:00
9,9,0.7777777777777778,0.2916666666666667,0.6414376929600655,2025-03-15 01:00:00+00:00
6,6,0.8333333333333334,0.30303030303030304,6.085842890021556,2025-03-17 04:00:00+00:00
8,8,1.0,0.3333333333333333,2.2204460492503136e-16,2025-03-17 05:00:00+00:00
4,4,1.0,0.3333333333333333,2.2204460492503136e-16,2025-03-17 06:00:00+00:00
6,6,0.8333333333333334,0.30303030303030304,6.052045024546531,2025-03-17 07:00:00+00:00
4,4,0.0,0.0,1.7985567736236425,2025-03-17 12:00:00+00:00
8,8,0.75,0.4444444444444445,0.3196989231565351,2025-03-17 13:00:00+00:00
17,17,0.8235294117647058,0.8412698412698413,0.38280529226228444,2025-03-17 14:00:00+00:00
16,16,0.75,0.4153846153846154,4.758505577034922,2025-03-17 15:00:00+00:00
13,13,1.0,0.3333333333333333,2.2204460492503136e-16,2025-03-17 16:00:00+00:00
20,20,0.75,0.5108695652173912,2.8719112816525905,2025-03-17 17:00:00+00:00
11,11,0.5454545454545454,0.23529411764705885,10.016310266121332,2025-03-17 18:00:00+00:00
7,7,0.8571428571428571,0.3076923076923077,5.249588498553676,2025-03-17 19:00:00+00:00
10,10,1.0,0.3333333333333333,2.2204460492503136e-16,2025-03-17 20:00:00+00:00
8,8,1.0,0.3333333333333333,2.2204460492503136e-16,2025-03-17 21:00:00+00:00
12,12,0.8333333333333334,0.30303030303030304,3.154376580111792,2025-03-17 22:00:00+00:00
6,6,0.8333333333333334,0.30303030303030304,6.107298135737331,2025-03-17 23:00:00+00:00
12,12,0.3333333333333333,0.27777777777777773,1.1957459275631301,2025-03-18 00:00:00+00:00
4,4,0.75,0.48888888888888893,0.4232624377944424,2025-03-18 01:00:00+00:00
3,3,0.6666666666666666,0.26666666666666666,12.05423705439577,2025-03-20 05:00:00+00:00
4,4,1.0,0.3333333333333333,2.2204460492503136e-16,2025-03-21 16:00:00+00:00
6,6,0.8333333333333334,0.30303030303030304,6.017388333043855,2025-03-21 17:00:00+00:00
4,4,0.5,0.2222222222222222,9.63930651982838,2025-03-21 20:00:00+00:00
19,19,0.5263157894736842,0.43274853801169594,3.2614633322835247,2025-03-21 21:00:00+00:00
6,6,0.0,0.0,4.142148771718042,2025-03-21 22:00:00+00:00
7,7,0.42857142857142855,0.25,6.881577271012409,2025-03-21 23:00:00+00:00
3,3,1.0,0.3333333333333333,2.2204460492503136e-16,2025-03-22 00:00:00+00:00
3,3,0.3333333333333333,0.16666666666666666,14.272308345428064,2025-03-22 17:00:00+00:00
4,4,1.0,0.3333333333333333,2.2204460492503136e-16,2025-03-22 23:00:00+00:00
3,3,1.0,0.3333333333333333,2.2204460492503136e-16,2025-03-27 17:00:00+00:00
8,8,0.25,0.13333333333333333,2.904625365459256,2025-03-27 19:00:00+00:00
6,6,0.3333333333333333,0.16666666666666666,6.973167317873056,2025-03-27 20:00:00+00:00
6,6,0.5,0.2222222222222222,0.491771058535256,2025-03-27 21:00:00+00:00
5,5,0.0,0.0,8.67039975480505,2025-03-27 23:00:00+00:00
13,13,0.6153846153846154,0.5915343915343915,1.628373144743768,2025-03-28 00:00:00+00:00
4,4,0.0,0.0,19.042729802844907,2025-03-28 01:00:00+00:00
5,5,1.0,0.3333333333333333,2.2204460492503136e-16,2025-03-28 14:00:00+00:00
4,4,0.0,0.0,1.7352402004946337,2025-03-28 15:00:00+00:00
11,11,0.6363636363636364,0.25925925925925924,4.556124027039002,2025-03-28 16:00:00+00:00
4,4,0.0,0.0,18.847587160692797,2025-03-28 19:00:00+00:00
4,4,1.0,0.3333333333333333,2.2204460492503136e-16,2025-03-28 21:00:00+00:00
3,3,0.0,0.0,12.961394243011908,2025-03-28 22:00:00+00:00
6,6,0.8333333333333334,0.6190476190476191,6.245623813675625,2025-03-28 23:00:00+00:00
6,6,0.8333333333333334,0.30303030303030304,6.016697236153121,2025-03-29 00:00:00+00:00
16,16,0.75,0.2857142857142857,0.46716584468075173,2025-03-30 14:00:00+00:00
26,26,0.7307692307692307,0.46689895470383275,3.385961462785662,2025-03-30 15:00:00+00:00
17,17,0.35294117647058826,0.2962962962962963,4.026129952934053,2025-03-30 16:00:00+00:00
13,13,0.8461538461538461,0.5634920634920635,0.31534847730271465,2025-03-30 17:00:00+00:00
5,5,0.6,0.25,8.184524682803978,2025-03-30 18:00:00+00:00
3,3,1.0,0.3333333333333333,2.2204460492503136e-16,2025-03-30 19:00:00+00:00
8,8,0.0,0.0,2.993539237749978,2025-03-30 20:00:00+00:00
5,5,0.8,0.2962962962962963,7.469874868017653,2025-03-30 21:00:00+00:00
4,4,0.5,0.2222222222222222,18.082954906264305,2025-03-30 22:00:00+00:00
6,6,0.5,0.4666666666666666,1.0414418660288411,2025-03-30 23:00:00+00:00
12,12,0.5833333333333334,0.4444444444444444,1.6595827620236916,2025-03-31 00:00:00+00:00
12,12,0.5,0.2916666666666667,0.8727603535626245,2025-03-31 01:00:00+00:00
10,10,0.7,0.2745098039215686,3.9934506267280825,2025-03-31 02:00:00+00:00
10,10,0.8,0.3333333333333333,7.351133143292531,2025-03-31 03:00:00+00:00
9,9,1.0,0.3333333333333333,2.2204460492503136e-16,2025-03-31 04:00:00+00:00
4,4,0.75,0.2857142857142857,9.390131998676113,2025-03-31 12:00:00+00:00
15,15,0.5333333333333333,0.3703703703703704,1.951488402566382,2025-03-31 13:00:00+00:00
19,19,0.5263157894736842,0.41307189542483663,5.224939400644665,2025-03-31 14:00:00+00:00
18,18,0.2777777777777778,0.2333333333333333,2.969386468078637,2025-03-31 15:00:00+00:00
22,22,0.6363636363636364,0.36917562724014336,3.9024195148152416,2025-03-31 16:00:00+00:00
21,21,0.6190476190476191,0.2549019607843137,4.140617581199819,2025-03-31 17:00:00+00:00
30,30,0.7333333333333333,0.29333333333333333,1.6422731086680784,2025-03-31 18:00:00+00:00
65,65,0.6615384615384615,0.5905856595511768,2.2523214697953673,2025-03-31 19:00:00+00:00
17,17,0.7058823529411765,0.27586206896551724,4.890005514220639,2025-03-31 20:00:00+00:00
11,11,0.5454545454545454,0.23529411764705885,10.121167124374006,2025-03-31 21:00:00+00:00
34,34,0.8823529411764706,0.3125,2.4640455703819972,2025-03-31 22:00:00+00:00
28,28,0.9285714285714286,0.32098765432098764,1.75443780103619,2025-03-31 23:00:00+00:00
34,34,0.9117647058823529,0.317948717948718,3.186283813682684,2025-04-01 00:00:00+00:00
23,23,0.9130434782608695,0.3181818181818182,0.11588732403409364,2025-04-01 01:00:00+00:00
12,12,0.8333333333333334,0.30303030303030304,6.01152939097926,2025-04-01 02:00:00+00:00
7,7,1.0,0.3333333333333333,2.2204460492503136e-16,2025-04-01 03:00:00+00:00
6,6,0.6666666666666666,0.26666666666666666,12.058402187207504,2025-04-01 04:00:00+00:00
4,4,0.75,0.2857142857142857,9.067377948012949,2025-04-01 05:00:00+00:00
8,8,0.625,0.2777777777777778,9.414497019439418,2025-04-01 13:00:00+00:00
6,6,0.6666666666666666,0.26666666666666666,6.329400551267139,2025-04-01 14:00:00+00:00
10,10,1.0,0.3333333333333333,2.2204460492503136e-16,2025-04-01 15:00:00+00:00
4,4,0.75,0.2857142857142857,9.058020660879837,2025-04-01 16:00:00+00:00
6,6,0.0,0.0,7.6340632311525995,2025-04-01 17:00:00+00:00
14,14,0.5714285714285714,0.3703703703703704,0.6593822368358591,2025-04-01 18:00:00+00:00
6,6,0.8333333333333334,0.30303030303030304,6.026533873902142,2025-04-01 19:00:00+00:00
14,14,0.7142857142857143,0.43333333333333335,1.088197929036107,2025-04-01 20:00:00+00:00
11,11,0.8181818181818182,0.3,0.3005863354664502,2025-04-01 21:00:00+00:00
11,11,1.0,0.3333333333333333,2.2204460492503136e-16,2025-04-01 22:00:00+00:00
8,8,1.0,0.6666666666666666,0.1702641996319037,2025-04-01 23:00:00+00:00
13,13,0.9230769230769231,0.32,2.7875433520475688,2025-04-02 00:00:00+00:00
10,10,0.9,0.3157894736842105,3.626774313468623,2025-04-02 01:00:00+00:00
3,3,0.0,0.0,36.04365338911715,2025-04-02 05:00:00+00:00
4,4,1.0,0.3333333333333333,2.2204460492503136e-16,2025-04-02 13:00:00+00:00
3,3,1.0,0.3333333333333333,2.2204460492503136e-16,2025-04-02 14:00:00+00:00
3,3,1.0,0.3333333333333333,2.2204460492503136e-16,2025-04-02 15:00:00+00:00
3,3,1.0,0.3333333333333333,2.2204460492503136e-16,2025-04-02 17:00:00+00:00
3,3,0.3333333333333333,0.16666666666666666,12.405334022922146,2025-04-02 18:00:00+00:00
5,5,1.0,0.3333333333333333,2.2204460492503136e-16,2025-04-02 20:00:00+00:00
9,9,1.0,0.6666666666666666,0.033830549923348864,2025-04-02 21:00:00+00:00
7,7,0.2857142857142857,0.14814814814814814,6.759690147720819,2025-04-02 22:00:00+00:00
3,3,0.6666666666666666,0.26666666666666666,12.120539519368274,2025-04-02 23:00:00+00:00
4,4,0.75,0.2857142857142857,9.01829300339105,2025-04-03 21:00:00+00:00
5,5,1.0,0.3333333333333333,2.2204460492503136e-16,2025-04-03 23:00:00+00:00
3,3,1.0,0.3333333333333333,2.2204460492503136e-16,2025-04-07 15:00:00+00:00
3,3,0.0,0.0,36.04365338911715,2025-04-15 17:00:00+00:00
5,5,0.0,0.0,4.177338177662643,2025-04-15 18:00:00+00:00
3,3,1.0,0.3333333333333333,2.2204460492503136e-16,2025-04-17 00:00:00+00:00
9,9,0.7777777777777778,0.6111111111111112,4.836151141592149,2025-04-26 13:00:00+00:00
21,21,0.6666666666666666,0.45714285714285713,4.546427528241004,2025-04-26 14:00:00+00:00
20,20,0.9,0.5803921568627451,1.9672775194109124,2025-04-26 15:00:00+00:00
14,14,0.5,0.24561403508771928,3.637015076838375,2025-04-26 16:00:00+00:00
11,11,0.6363636363636364,0.48888888888888893,0.904396903936739,2025-04-26 17:00:00+00:00
11,11,0.7272727272727273,0.2807017543859649,6.87091957961647,2025-04-26 18:00:00+00:00
3,3,0.0,0.0,36.04365338911715,2025-04-26 19:00:00+00:00
8,8,0.5,0.3833333333333333,2.33251583137967,2025-04-26 20:00:00+00:00
6,6,0.6666666666666666,0.4444444444444444,0.4836461410516606,2025-04-26 21:00:00+00:00
3,3,0.6666666666666666,0.26666666666666666,12.01456416846788,2025-04-26 22:00:00+00:00
4,4,1.0,0.6666666666666666,0.21199719062681457,2025-04-27 00:00:00+00:00
4,4,0.0,0.0,19.146729088222955,2025-04-27 13:00:00+00:00
7,7,0.8571428571428571,0.3076923076923077,5.161068911690294,2025-04-27 14:00:00+00:00
8,8,0.75,0.2857142857142857,4.818692146815641,2025-04-27 15:00:00+00:00
6,6,0.8333333333333334,0.30303030303030304,6.145118107991774,2025-04-27 16:00:00+00:00
5,5,0.6,0.25,7.484140246646433,2025-04-27 17:00:00+00:00
3,3,1.0,0.3333333333333333,2.2204460492503136e-16,2025-04-27 19:00:00+00:00
3,3,1.0,0.3333333333333333,2.2204460492503136e-16,2025-04-30 01:00:00+00:00
4,4,1.0,0.3333333333333333,2.2204460492503136e-16,2025-04-30 03:00:00+00:00
5,5,1.0,0.3333333333333333,2.2204460492503136e-16,2025-05-04 14:00:00+00:00
7,7,1.0,0.3333333333333333,2.2204460492503136e-16,2025-05-04 15:00:00+00:00
5,5,1.0,0.3333333333333333,2.2204460492503136e-16,2025-05-04 16:00:00+00:00
3,3,0.0,0.0,36.04365338911715,2025-05-12 16:00:00+00:00
5,5,0.8,0.2962962962962963,7.212713684750898,2025-05-12 18:00:00+00:00
6,6,0.5,0.2857142857142857,7.139521747827725,2025-05-12 20:00:00+00:00
4,4,0.75,0.2857142857142857,9.059327062476992,2025-05-12 21:00:00+00:00
3,3,0.6666666666666666,0.26666666666666666,12.022965508286923,2025-05-12 22:00:00+00:00
4,4,0.0,0.0,19.918219080560323,2025-05-13 00:00:00+00:00
5,5,0.8,0.2962962962962963,7.215038717546411,2025-05-13 01:00:00+00:00
3,3,0.0,0.0,13.430228864255007,2025-05-13 02:00:00+00:00
18,18,0.6666666666666666,0.648148148148148,1.0735775727121102,2025-05-13 14:00:00+00:00
14,14,0.42857142857142855,0.3356643356643357,1.4000365866118845,2025-05-13 15:00:00+00:00
6,6,0.8333333333333334,0.30303030303030304,6.066689506706155,2025-05-13 16:00:00+00:00
3,3,0.0,0.0,12.865175105411417,2025-05-13 17:00:00+00:00
3,3,0.0,0.0,13.065432878460278,2025-05-13 21:00:00+00:00
4,4,0.0,0.0,2.021764195923746,2025-05-13 22:00:00+00:00
4,4,0.75,0.2857142857142857,9.046173492268831,2025-05-13 23:00:00+00:00
3,3,0.3333333333333333,0.16666666666666666,12.529443176410675,2025-05-14 00:00:00+00:00
4,4,0.75,0.2857142857142857,9.025057951345671,2025-05-14 03:00:00+00:00
3,3,1.0,0.3333333333333333,2.2204460492503136e-16,2025-05-17 18:00:00+00:00
4,4,0.75,0.2857142857142857,9.027098473042791,2025-05-17 19:00:00+00:00
4,4,0.5,0.26666666666666666,18.069895125587138,2025-05-17 20:00:00+00:00
16,16,0.875,0.5743589743589744,4.552880834387013,2025-05-17 22:00:00+00:00
